排名,标题,热度,链接
1.,中华民族是守正创新的民族,,/l?e=d08b4%2BGYTX7fa97FNrhqW2gX3V45SBid1kOUCq7ZtJNsKETJFKZ1chaIJo0wtmImERp4eT3dC4j4kw2v5zJpHLdELVhOD2p25X6%2FfoYlBR4zeZ0xRnctT%2BcUGdD%2FFkGpHVVsWijb8gFeL0v6vB%2F19qHW7d2qB1P0N0dSV30Yqkx8lkf5wQuZjaloOyUeaX2XWLcesB%2Bg1pVCqM9IzXyTGcHrTNCecfqnkAwqCZgGxceZaDZGw%2FT0yDoApGYGErAixok3VxuzPU7DLRbLqGOXhZMcjYLdLGcp%2F%2F1tsxsFaFVTykWKK1sE52wqOZTwVr7fxTg6YZEC6vDs%2FSR6E7J1gZELiky2WUkth%2FNMwqcHvdM3b17SMrvyUC0
2.,人民网评胖东来彩礼事件,116.2万,/l?e=5e6abjRxPvsHiXpXb8A5DZwzrQgFMJJIMF0Xn0cGE%2B4Mz%2BcQiMWVeBFlelG87CEOHucgYGXhqp7Fs5hU%2BEfC%2Bqs9rA53QnQlLqv10atIrABT%2BjHzE%2FjfFdNQHL73xdXagZsctF55WTnH0gtePoPpcs9nRIXqPfjbf9EaK0%2F%2B1Dh2PiGRkdZAbexbcD60qrrqb%2B%2B76sF0l2momXGQ46e7HInqEPhx%2BIudv98CIJ4FMDjNkgsnMU77bvlE%2Fccg9P6L3IUVJst3SjWbl0uEmmHPj4%2FS0p9zzzL%2FwqbBmTjy4nNlqiLnav%2FZ9wuPiX1ts%2FNtvnGj%2FjIZPRlorxLqak6LoRtGU6ZETqBGGkk
3.,17岁中专生被7家企业疯抢妈妈骄傲,82.5万,/l?e=4e16oLO4bGhzdKPxyTiPcD05XfRr1bHaIeIjbt0xTOhz0LzVmh31M%2Bd1WrcZdgxo9sxmliEALN8jyvqp%2BRG0QD8vh147FPAVEwzBlJlX7BYnuBl8x4SY%2FYKdqVITKASMpAxFCqRbVcbaoPKBgtNkj%2Fd%2Fgm7CghZd%2BOmqFncOzRQcXi2ZElMH17qnGCkJiOxlA8npHcHUsp3yIA%2BBHNlS%2Bcu%2BJ9wfqYnmBNRhbT9H%2BJ1R3YDaIraNo45YQR26vUjoq%2F1LhnOkr3ByurKliw%2FBDUVU7eBAMwjE7AJJyt9XkyimgPET7Nfcxg8aS%2FTxpaTMxBQZQXpwXU6YrVMlYR5j5rEoY7XoyUaFvlBKe4PLALcI4Q0%2F8FlWGT7G2GgepiJROAm9PIRYeu%2Bsj4kwwRrH3KuCsCvFo%2B3QMpY
4.,我国首型4米级直径的火箭,82.3万,/l?e=f933IAs0j0IiCsvm91pTYVpCPznZRHqZ7gpsSwAlli0X8llk8xBpQb1OXwYkSYaUHVrDBuxoNL2tDNCSjgCJB6ynjt5FYfisy6lFtvPf1AeVjyuUy67wzA%2F7vSQsRMaPGcqg%2Fmzhnj6f7oejYnoYwdzzpEgr%2F7B7tjtV32FG6T9DyeNCzgOXyGI4YTvZF1Ij3dHtdvlzi6srbcVs2EopxyeoLtlAPKWBTInuwA3Yue3EwDncRRnQ%2FG%2FZenqpuI8n61%2B40WuVlhSTX8xzDZ9K0M3xAkslMg3SEe6aqohcILH2OrWkvbc%2BxXwY8XZdEWaBNFsGB24tiYV9QDTT7KOthMbZGaqeW2ABysxh
5.,李行亮商演再次遭抵制,演出 823380,/l?e=1ab35BInSRu5vo%2FRW%2FfJWHUjatWLRRLhfwuR30jbmHQWAl0ObWh7wr3TaVu04JRR4DjrRrEJX5Au4etaw%2BLyjVxihtjt6Xz3qtLUgeqjwNpSvcINF1Qfj69A4K6vQPK9n7ur%2BHkYlqjKoVUEDOpjhrb48vsEKvxdYMmmVphRHbu7LRZSKSnUXMUvy3GLfDK0Uoxs%2FMhj5hk83ZpHPsFy1Y3w7vbbY867Xj9kapwP7amwZFtMM22TT%2FMAKaOeRJYJn856eZKHZElfRBcuPhkF%2FZvn1IjzkCPKikoUJB62l3PVI0npHT6djOC3Ez1TPQGuzGwOI5txkJN5N%2BA
6.,上海127元一荤三素的快餐,82.3万,/l?e=be64jZfIJ8U9eKhE%2FUP%2BhfJnUf%2BsIc%2FwnCZ7RDbgCB9kbPlbGUXXlkQ0uo0cD6F9p583vh0lo%2Bp5Arbk7fOhKYsgCbAKU4nDs%2FQz12ITlBTW7xISRczjNeOOvSk%2F3KfPtfL%2FyvMzvPQ0idbUEu2%2BKPOCfdQx2UHzBQraw4X4HAhyZoKJZly6GvTJ3%2F8AN2yCPrvgzCFikd5acd94OrLnsPhOUGa5guGjDn4oTZVwz4HldQfGkToZjbZaCVTJqRTKu9Lhgnwtkd%2BHPzOri3j8zZYNkQnWwEjU0Ovu8CEJ3o%2BYtMQqQAZJvQCH0KLN%2BJOZHT2mbGb7Edd05PTwWvU
7.,我国艾滋病性传播约70%是异性传播,48.6万,/l?e=c0caguS4kMohI7%2BqWcgIYCUY8cVXHmc%2B4SIYXUChFgOeDNqcKFAo3EitmD%2BOn98cA7zFYoq%2BxnybzSQuNJIi2GaNwy27AOtFhj04tXjuHCEC5uqcY91ivX5a64AzCuyQv%2FfQEAgLNBkHPBZHgWuPs0pliPOV%2FOJOGbcZdXGVMxOK5slm3AcdLalImnImlwECDFc%2F7eBPLKloPDba4Rp2%2FgvWaSclzUf%2FI7%2FF0qGnCnIznnqR8s4l3Zwh4W%2FGpQ3Rh0inEnHbUjYBBS1fAW8LvfR0Hjc7vg52SOWnh0CUA%2Bq5s5SjmIP%2Bfe9FX7aCmzR9MXDFviMu1pd725j%2BoArLvwZ5A2T1z2TH%2F2km0KmijjxAORQwDeMXzhqqh%2B82xSpLZgwXg31w7uHthc15fWJQxkaI5Zh3j%2BAFA5gIlZKq
8.,三人虚假摆拍救助流浪女视频被罚,,/l?e=9a04yT%2BnYC%2F8F%2BELxMLwfLzxrUjjStc9bwBLckDfrPpHgmwAo%2FdBvwCABzbN4TabFmnQLNtTkSYJlJ7KfRxUNPeRJ%2FdhzayZd62eJ00vsyoOcaIpLVIb2VtVTL0zokP1x2nNRxMvvmDz5WFh8O4McJN2c0FGe6QE17PvneyfQ8DFTcZxwUDEs2z8Lwke9gGS7Sk4tmnmLtlerf8vpnJjIrqf3wS5rdQQJMS5THZ9FWj6WxMRgr1FIU9tZybpSifM2BlnjGqYJoTpSuq3cx1WjVrKxPCbkbGtHClJ61oN9JUlgwWdg9KL807h09h88qOytIbXeU3IiiCoMMtbRvCQ%2FR4o1seRUWvgGUQfB4Rre5FdfktwaX9VYC6jrPBAcLZNsicgCpa1kdXTKMmV1ez0HpOkZmsxF2ez4ZoHjlIAJOfxZBpgCXE
9.,林栋哲庄筱婷婚后生活,综艺 442914,/l?e=8f5ewBIuXN6Ov39YRrlI5OmamTB5PMFVDf5KlzIAtUmBNqjHF9ERlekGbGcQnP0%2B1vvbcO498azTwyWob06AMegDi%2F1E8P8bUYxdgqylit4USD9SIHXiU5NyEXQRmuPLQLn50KFHEPNtn36L1Fi9QDTxDRKxE2wIy3XvohpbleQft7aZ5%2BSXbrWvjviMXJvZxKRLhgA2vvIVoVJ5D%2FXI79L%2FZ88M5DUfhrL95hyersGiWX%2B9xFfs%2BeNlQVcHBdIttcv6UGtGaMB%2B6Oxh7flDR4pwnXcs2CrhFuYHuoJwIi7BJG6uCxLaKdQamSq2a48X%2BszqP0eIubj3P3E
10.,尾号888888手机号被法拍42万成交,43.1万,/l?e=cefcnVzSYWnlRsT2Ztv4kC4CX%2F9HQQbk%2BW6BidYFlXueLzYI3oftJm%2FBgKlb5GikcPvnTCzCAB5W0FKD13gMUiJayV3EuCVhmTAuR0yegKZ417DJBak%2BEZUdcmVLRQT2x1hhl%2BPC343582PJtBAtRIdjv6OEfDVEeLbcq1NBFjYEHPmzwn0swMUpVkF3orXs%2BwdIhEXXzSzxu2ve%2B%2FU5NAcUtbIW4xSWNy5zzKhs0EYVbxrkzrdKsZGGFppB8qCTkvnjeezhJv1BTpz%2F0gyCnWemFX29Of0D1JE6wPGhRpTTlMSxdz8QYTKUnS3fs1pFzcddrvw07O0zb%2ByXAeHXQKirvEzuOJliBBrEuMq9Gnj3gg
11.,高危性行为后多久能检测出艾滋病病毒,37.5万,/l?e=6d59JkFoxLyycTlsuATg%2Fj98Bkb1N900vkt4Elwf9Hi7ub7Lp8WXSprkbNckjWlqYEMQCnCNyw%2FLkUdIJh3bFFeOwqql5SXwisNp%2B6xIntbEbssJxQ2MfRjkiRnFDxijYubXz0U%2Bs9PjtE%2BKZMM3oNvnvnHqp85DX1BPJXkJ5rN45k%2FhDESfFVT15fh6D9Ll8ejqDmsVd%2FgAGo4rFzB73ZHr%2Ft%2FwM2YIL%2F%2B5h%2BxJijEArG%2FJ7iP6XFrrQpsIR5H07cq4e%2FCxVM%2B3sLR3Y8%2FV%2Fb8C%2FPboimdCg6WlBq1ptO41A5RuxZK%2BeNEKmQrtsknZpVZDPX9RaM9%2F3xb%2B0Ne8JMEd3dh2k0Si53gpTEOeFY5e8KEPhQsBiocPjdyTSER8tU4guwbi7NU9MkGf1yzCFhYOaDvGuj3I320tVAt6oQK%2BvbbPfFWRp6%2FIo%2Bve5UBc3BHYr2lgWYk9qf4KRJtni%2BfqODE
12.,李胜利疑似喊话向佐,36.3万,/l?e=f20bQV1fHihI6JlMxyonsc2PeWsi2wEAmqX7%2BoDg%2BvjwMDPF07DXob9IaYfzFVUgE%2Bd5pBoSC7nXqPOuoM3DUTa%2FDxRLxxPUDCwG6pEasBzUkpHuWlpjGzy7rtU7W4NClwRmPps7dVvOQ5Xp72KIUzKmSOFGkZ7Qvo1Kz46sc6fuxwaHXHCs4pMi5sNSsE86JMVqIdjHgPulHTNOSTpB9F47JOpvRw1JcTuDYv%2FheHdqRStGxnXSM6iLjZ9aqnJpEbS0NixyvESVvjuVbHcDmgw6%2Fqk5lyTNl8iR1%2BP%2BInv6AzxwQb%2FPCQVoRMQ
13.,华晨宇蹦丢了一个31万的耳钉,演出 348067,/l?e=377152GPeMlS%2FG8YS5eYwNRWkoW0SFo0uQNwA64k4WcWatbiH7XM5fKppZDm24scYC1W10FEgYEEFCTJBu2L%2BoZR0GEBSe%2FhsiMdXpbB47eDMgOTqfF%2BUJTfAgl0Jx4edaT7nbn%2Bjc27NzPqfaZfSzpXt%2BTXX%2B00R8IaokcjRDD8TV3W2cIv%2BKbzkecnbnr9n%2Fbhu%2B2%2BgDurDhiz6sdJe4lf9fWVQHOMC4MmvNPmD4uvgqajROs%2FlZyY2RMvTAkAp2RE5w67p8dmGaQVbpkGIYklrAk8CxQ%2BYY4viaovgNYhLjwtZAfvJE7x6GTEMKiN6%2FDngOYlta4OXrqzb%2FXHuKCVzBbEpCb3feRXuuycpvVsWuTq1kvx4P4yrg
14.,莎头组合合体,28.5万,/l?e=74ecqH4MN2CTArfh8cpO6Go85n2cV%2Bt6nQ%2FWR%2BmmY51bJuIlEB%2F5T%2BIY23pWd1os%2Bm2XHZ%2B91ayFtuJl6OlKukD2MTXH7jazFrefvd6umBynH0lsC8xwNYyyCdOLdAUXqbjRhAyBX45ZLf0y6JnI1cJ%2BhmjurLiYoebu9T%2F%2FHaeWJoc9HprOYhL9SVjaW7oQdEXLSz0FpN5CVBWqVp4wZ%2BC9px4NNtegvno9zGLS0sN6fIo5Vlp5LWcDDxM6Eas
15.,极品婆婆撞到儿子儿媳亲热现场,剧集 272366,/l?e=ed3bbf7S06hnhbI%2FI5HGy1zN22tmRb1uHiNot%2BkSyYte9UWAREqvN3t4Xpo%2FtUN9AE3X%2FvZXQA8BaZkalZJSGNDeMZrUTHfx3aYrCdMLExqs2dX2CowtQa3gmbhvQZvc6pWLAO3e8OdaEhzoxo2WTB61FL%2BhWvx9ebLwmLSreSe5pHflMQNzBy8noHu9T8xS79d7oMKtaGHbFMV6gLIQmrDfvKH%2BAThGREdSMNNbhhFBYdwKrjn%2BKPELkKZbOYj0Lm5ItLCgz%2FF7RkHWrN7MtoLp4YKKpowcKb0cVRaGRziG8abfsmM%2FFsVk4Vn9M5S3dd99EQyamdg93f8ADC9CW5xyrvDLX52W8dY530%2Fs6arw2WaPPz%2BMM1xgTOBeYAGRsdvbBtyYRcl72wy0nb%2BuusTOlHrKnl0
16.,王楚钦说自己内心的起伏超出预期,26.2万,/l?e=96421pnhsjJXwsxtXoyeYHBLSYwez4Cqmj3kJduYeJC46dWHhi1qsphZ5xBpkGWIbPLBQolpH80xXH4%2F0fOGkjZNha1iJtGN6E1ikvj5xz05ZxrnqUkLuy3yENv4Te2qeCKCAJ%2BLUXFP3DxfEMY24oHSO7NjT25nBhC0cBu8a3PoxxKFz9%2FhgCbE%2FmOYySQMJ%2B2mvLyC%2BpofC%2B1X6p81oAHWomrzrBuPg2OjkzVN3y2hZQB4kF1PLHYyfGQsuHlGkuK701Dwef7ggzaBfqcRd%2FdCygpKGVTxQeA%2F2QCRATfCgzinhpl1M4GqhXIw5ArGIjYvgqhszLmXnSMF0XUH9FZNYlMFm21r97VoNY8qoE78XIsPawxE%2B8swwwzSWwyIJ6XwtppGX7qRx6RlqdtBDCfMilOHjSaZ2wLXrRxeijyWlTcTR8E
17.,律师称网友有权抵制李行亮商演,演出 235469,/l?e=a4cfOiebXYWFGZieOwdn1%2BrFwoYrg6VqvQ1LorEuFs7JCN60IUXmz4IggC%2BPMN6AAtYPFJn2tGaSqreiZvFgZ7Ig1RX0E2enXIPuGAkWv2z3feXKuMT6rfHU6svuH7hVOGiw5xtcVM6%2FhBwk2FjCcjwcoboUBqrzLSS0RfyDvw5v3mczqBf1M657yRkcplZwaXynsYre8Whbw4PHu2AEqNd3Snjhn0t6DxSEOvnlxH7lu0gvw4Q5fhoNx7mu27dq1R6etkROlhvO%2BUN%2FG1j6xHvnPzmuuzk1Ea808ktnhHZHo14v60VdjF4sA030mrmaxe1HUpIO49YOI2ri4xp2V6ke%2BAHIYaVy0%2BRqa5L4gqKjBpxtAJQK6ZqaaDYp8i4DDtPVSZaSUlBHtFrj9k%2F%2BazuFEp5qGFs
18.,向佐女装撞脸张予曦,23.5万,/l?e=bd16iOzOD8NHu8idsCNULxzIAQuoXKblpiwD3WYeLxsa%2FdxZ1w2uxQd6LyMvfqREGHta1b2n2%2BFCRj5YcBK3oIoA1KYCqiKhzoOm%2FleAzsvsqeIX5oW40H3wIrib4yLC9XhsPMJOOamKMX4Jbs8BxSAAIVsBB0kt3NHRIHOuUSXNyfpRveGoQzKFGwncb0yX1DjNHW1zRpUTX%2Fy%2BOEm4qBeakc2p6v%2BuB5Vd%2FwbQpvMxzChKJbLiagbM76QknDuwu2%2FMqJBfPySzJ1bLFcCCtLyNvB1WO8aMNI18XNacj5BMc6yciZq88ezezso
19.,黄晓明悼念姥姥,23.4万,/l?e=0e06zbn9%2BnQfJjKAd9uThcdQRhcTK43qivyn0WhnMSqSW44Sngm1dDhBpiAEPiBGRgc1SwMTP%2BgjJMuFffTDJqSo0FsoKMj%2B9NsUg8VER70kjefwaUPkOzWS0ZyhzbkvewOxBvwjkpRUaZWZUlf9vreu9iY%2FhNNGNep0%2FUu4OFz62DVKfUyDVH5%2FrVhAf%2BzIeHQbZkB%2FmKRHv46w2GreZy1xKfbZMP5QA5IA3x%2BZFvxgETpAkVL8ikKStVeUVfXAlTk0O8R0wgeZuMcx9i0
20.,菲律宾一村庄村民分食海龟致3人死亡,23.2万,/l?e=57fb7TL7sBftc3zYl5dPYwnuvU9FgzkSUnNXHje30vfjFZXr%2BhPb%2F2XKSEVAqWydMVCog05GyBC1mcAZxQqgth8K2xG79VY8IF4xbKN7vPUpGUbBUq%2BKGkYDn1o6WfdvqfZoNuRczB0nlifrnEK%2BIovHVqrMe9fHLEvXlp1wJvIFYKLemoRtFt3S8%2BPVWd1uwxP%2BIHe6%2B2jfvAQF0xjzoLE%2FQ%2BLaRVs3KkLTbs%2FIRQ705wY622BOhIh9NysIzSTr52gEF21%2BI54peP%2BhhJLIaDAWuF0ufGDyhJ0D9CmJK52GhXkdaI03F3DP%2Fq%2BI6hrKKphUBjLihWkkpH2d%2FFgIRIuvFlCZ6AIYXA6fKMnf3sJ9NEFsc%2FX1orJV5%2BFWOdEDSOwcf8arK93q1VAbL%2BmDAoqqMvYUlKpJXAcPfHtJ5kitjeQM%2BsFu%2BHm6SKNpfFSixZnl0Wvl
21.,太阳星辰凯晴下线,剧集 227834,/l?e=48bay2JFP%2FQEVHEr5XB8QRijaHxSmBRYRFKZcV43Cy6kOq4OQkM0g1LIZF%2BP7ec1rCHPKKSlqw%2BkgQLrB%2BnfQwdL%2FbR6sYjsf4TiwHBcCjjkBHL4cxc%2F7R5R92xDSzgfgIIIviz80r3LrVmPbZmd1JYlKXCIP2CHmtxvbMFZMlcRzNcg6FqIa8Q87dm6dZoNTPozo9M3uD%2B7Cm%2FXCC6Wj46vnwLaMGB3AvDd22JqFzBW9jr2FjJd3hifKkF8x7DxN5lpc2iMhNbX%2B%2B0Z6i5LX9gwpAp4EFNPfRmRPwU
22.,朱志鑫苏新皓MV合照,22.5万,/l?e=9b1aSrxEL0Wq5PVa15qiBTDmXW64VPRg4ncuwjOD2CRWJH2iZwioILGq0bKKJp3srI83yAVwRhOqtgwS8p7r7RtJkK55JjpnWQ2u7ODa7ntKJI%2BAL5qnCzOS%2Fju%2F%2FFRzkBXctFWRFVhq1QGSU7R37pVLez20b5hdHzQQZKG7MVRwbWU2pNaTiczx29n466bqO6gl03ezYmQCRuDzMTYe9EOjJdRJgn8C3e3C34VWHC7i%2FnaAKLL2uXKR5awhM6VuuuXz2QhNtf7%2B0FqwlWRt3nyN25LN%2B%2Bcrsgs7bQSPCg
23.,微信提现可以免手续费了,21.9万,/l?e=d4c6UVO0hL005FhxdyyBT0aG4M3AtgiRg1YgMYYqVB%2BNyEmsAwJrK%2BrgM4UQA3Ftpfwofdc6jTcIzl2WXnyytVivg%2B2Oys4NfaKEboY7c7io9qph%2F5ZLlZq6VA7tRTI9QOWdio%2FVAmdHB4%2F9PlEdWgxLqbpE09RbJQzmy1rwc1uhgX0lgaR8FosNClRBbMUoVqV26PNZ7HaoFO5QYmBW%2BJzsJzMI4u7kVNCt6nJMkKrfgYwdD3r8RQBwqXVjedh%2FRBFCGY%2FOFPBZ%2BCBMcWQEP2LbTY6OhpAjrIpKmnEgvZa0kwm58zWBqrHvGb1nAKy3FdZyvQpLY5OdIlLj89hZZrlUWlPShh2Db9s
24.,鹿晗一天吃一顿每天跑十公里,21.7万,/l?e=0fdcxwJOYBl5ebP6vxpXomHRNfvlje%2FxuXH4OQZ3MCn0AXEnsWQJ2sWFwL2iOGIko82tBEKiZJHcCf0Oa5MHc1HHPfXHZejl1CwWci3qfpvsFqEa%2BI6Py0MfIqiI6dCcWc%2FRUmeXb16Eu5LwuwISOojK8R%2F3w%2B5KCU947h0M3JxjvIW4g0DcCpjO0OW2mwP3BCEEBtF4eruCufhxPeIxZZSfkqfJKkWhaTRenqkLT4AZz3u5UAUSEX5R31LAUZoK44S7wPUEvcfbx31ZnDvP5egHiNIhRaLC1lgFnvYF9%2BxdZYZLiNlug9yVfObTL19hBIMyNP%2BxdYfSLzuWdY3WK3NRhD%2FLPPDxFMS1kKlKLgOkUtJXqXPi7u7S8Sfr4Jc3a3dbQ%2Bafjaw
25.,王源再现十年前双手合十,21.2万,/l?e=64abvTyg0DHWGZRIG83VHPfTTZTcj%2FYPEoAMsECPw%2BPXEPYBm%2BPsboKep87WrjELre%2B0BCoa%2F94lsiLFyd32kBuf1wIXSVIs6YN%2FiiGkaaYEUPXf3Cke%2Bqdy%2FYHwl6PX4fnYX1LkHc%2Bjb%2BYHAuDx2Ax4Ola9xhSPqx2QX0CIPB5HyBq%2BjggvP8SZ4f34sqyMRdhnHRKWVvxUhgIe3dCvyDEWelQmqYm3Xg0Gvq0ar%2B8yJ638OlTEPlfI26plpCZxutUEWh9jS3U%2BPm6U3ju2xN3y6MCm64hHxU4uvZf0%2FlzScCmIrfhQxlQ0oT7ykadxaIHrBBBCT3dmxAZ3jo3S%2Fqhig5O4X7X2Iks
26.,杨紫渐变高定纱裙,19.2万,/l?e=3766bNUTvQsd4VZbftMCed8EcP%2FqbYBPor42x41KsI6EwA57Km8cka6R3mDfJEWiQ8PUAZKGqhpnrcQmHEl0m3eeB2QPbM2PtdbNqlL0SQuTJxGAdYyHESxPznwiI9GAd%2FipNcvBVVauaeOo89uhAg3nw1FzcwtTSZFnLiDR0GbzAdwgu29VFOSwbhfJHgxMVdTy9%2B1Tp8%2FrvVWicAZYA8cYgFxgD%2F9OWoOwANDtM0FFZmUcZn%2BULhPejC%2F%2F%2Faf5kAYdJ2qvka9JZkuc6apE7%2BbCxEltxoAMUq4QczY
27.,上海92平米的迷你法式小别墅,18.4万,/l?e=9f9a%2FGoisF99FteWneqJNeyVowuiuFAamxKkbgiq1ovZSGNlUjhwR0DyrlpfVbEGmyHcookaPoBqe8LekKVJgYpir6M20OalTgo7OPb2wQ7G3kVwfzeTb4sDRawbUI7T7WKs4EDfXJN7P7I%2FPSf2Zy%2FTOMpMocOJhjLDYtl5QbVKg7TjXpe%2BHwVB55l5jxweVK9sWZItJbhYhlQNzmDhL8%2FE2mDB7Fdc3n0DS2%2FNsv2aJxapV0AMndOU3zLyQG6sgEqt7IjZA5P3%2F21lHGSu84FTmR9RnrL37LL7F0Bz1%2FSdIOtrlYTlWdLx%2B38PKYd87go0cYj8r0s47RwpobAvdXEOkc6Q3QgK8pGL71SGDwN4bqNPMs1IFnA0zw
28.,双轨换导演,剧集 172728,/l?e=c69dHxUPGBVAAC0DkQSWranTrX6oOXhN9L41o6TMXG0xCtg1CNjd5vFzz1i8upn8VYYTivTVYcq1lwSrsmeViPLyKq10HqvbTX5dUIKqoHXnRl9AolnmqUJYT9gg%2B%2BTpn8lxTcG9zeTS3%2FV9kLlEx55HDNyZGbQfyEmkZ9WRLT7wVniZWBYiICFQ0gFtTTyytnNUGSJHzWWRn44HbdMFgdf9hIbD9RUqxUw4JPFKxzY
29.,Whiplash一位,音乐 162811,/l?e=d323ZTWrW6ZVWxIs7hTLOCp%2FUkg356SS86PnUE9K3zN904Z1bvXGlZ4VsSnYkrtAyZ45R036%2FhEE2qGSm1OVXbPVKbp7oGScImhxtGoY%2FsUhjXR3xrWWUM87iTm07iFlvBBnpYkqjxJzcI4MOgKXmOgZREHbU%2BuSebOiO5vh%2Fxs9aQnBRuZUDhIxcA
30.,小伙捐出日军罪证2年后还在被网暴,16.2万,/l?e=feb9UM7I1mf4lcuXFSU6r3EYMGvgoEvqZ3vjYnU%2BQJsl1eY3CwgBBaYFjOlLb1PF7zQbAUFuQWpV2Ywsc0iMHkXMeHtbIyf889pPDLHRldH0%2BFTRQ%2F0Pzz4oQFD%2Bcy52wv6Hwbw8lP%2B38Wgnjn8UV30DnIs08A%2BSfcJxANHciXmibFBZvSDb%2BP5xPqvaIsnpIkz6ITCzAeU1eGtXmztBloaiX7VeyywT556MI0c3B1DMFb22vcuTenkASARXSGHImiOk0LjY50Jm0XC%2FKz9PFdVIGYFaOqPkm8hCpFjuhM%2BpX%2FiBhc6Hd3w6wEvz5bBwQoYykJop2gDPG2hN0Z5IsVaG%2ByGAELpy7UEN6FmT35F3xk1FR4nK%2BPi2WfVIU49MDBtAucle41fSD2y4ICGnvR%2FjxPvmJThRa%2BT5wMObfNXnGXoIaGU4
31.,南部档案,15.4万,/l?e=5844XFC%2BYEr8x3As%2FQQTI3KP4pwfPRXci9%2FdXge%2FL9TzyToyrzztFvZN%2BtJO58AI2BpzLg5jADduBir9AdwiumATBzn3iNta3HDue29sUvvOWY5XH1uK9BhXemVXA5TM5K5vKcVlqLVfTE33bshi7NaEpxg86xrOzPIFzYfBwSuvWNtyCzDrKZb8wZGTlUYP1hmzT16XgQTvBdN2DjXNyKs
32.,上海跑道偶遇MIKA,15.4万,/l?e=67f2dCvrUfEoIupJ%2BP1PSsFVe5cthZ0EtIABUdIpkqoF4SxLtVQY7LnS%2FiiY%2FSlKRR8NSarK4wn2%2Fy3jYuv5AYGRLsUEBNrBNMZHwzHa9QW5pHLJu6mIjdabFFBw2n%2F%2F%2FZHsHys6pGSJ2ps2RMnLdl9oyR3ajWuw7Eih7UHvdtExNg2%2Finv8%2F7B3THJTPyn%2FxATxyr8z%2Fan0omnMe3Rf4wSRaXPHIJMmhljhq%2B4omB4BqDwkRx%2B5lRXd9Esqf7dssaJf
33.,微信运动太暴露隐私了,15.4万,/l?e=068d8zdjBAhb%2B4QtEZNgZKZhwebHW13G06ECH3X1dkBBCykgzWLMGBe4OvE8GgoJe2ki0g4O%2F9OuV5KC4qIpvcrFJZFIhCSVBbsEHDf4IPussbRt81SEKFwOvepAoTaPFyl4hZGPPUCjXUt9VKEXBJC2bVPrNR9YCGe96%2F%2FdYqmdR9L%2Bqijt8wl0LKf01cGzzF7sDYMaWaWh6nGAP6wzsYNw9JYvTAksEyZid%2BxsnQSOxE8s9iRvLHXAAKuQ8wVMWtz%2BAgq1g%2F%2FU%2BGoRmEennQPFHcfLubM0hS9svTb2n%2F7ZrF5xCHJM2vWo30c6zf5D5w0b0LVjK9SNxz0
34.,国考,15.3万,/l?e=f87e9gm7YC%2BCyTrzQSHs0Ys%2B8gQMcImK3jE0uTwUYTSGG5i3vIXeYt8XFkUhYra4acCp5skLCmzoA2LVGCUJjwc3y5NHIVzuI5AWbEp7PSQoMio0d7apXpVnN6%2BoYZ3Gvtwbpga5j5%2FE%2BWuxpgOiWK4JblSkf3Mm6P2C%2BwV3npUwLto
35.,套内60平米的精致小家,13.2万,/l?e=c60e%2FNqjG1WDoyi3HlP7G96ymxmmKLFuCD6JMB6JMtfZX7MBUp%2FdC1pFILOeP7aZv4J3xeHCZ4l4tNYk%2Fc346G4lQL4mIuRFyrPU6tQ60a0isSGT3WsMXeSC9IfPsI45XmjCh4HZNW5s1P%2BtHyzrKKN%2BqdIgLwUMCPLt9I5wFatMW7MQSEopD7b4brTSjH%2BrvaqyMGBPjF2o3Zhu5XDYxMFv4OI4arW9dfhAx4X4fyKVqClcC8UnkFhxS6a%2FgEScxgN6UDW70hb1xzmtltnxbuKRKMzTh%2FiYLA7%2BQ1I4eg0eUnVi8O6nbOXQCOnOhw
36.,王一博北京飞杭州,13.1万,/l?e=ac90e6bUfDXzzr8F2S6z7iyXVM4tAFdyQnOkSHM53THf9IZSHEj6V%2BaJe9j2%2FC%2FPP0jmSFVg5q%2FStGqrSRU4XgnAcZtzjfo4W%2BnX7WoDA3OKM8DHGgZ2lC3VMAkcwJMq7F%2Flzuhrqem%2FNAII5nVtQ9CcH%2BScRN5YYYtEVcA9JQEdFXnGEIrL1hbHrcSW8KBWZZlWTkcSHxhM%2Bu6H0GUtmXGqdTbmqimf22avG7FeHS5ImSAqLzV7Xlt9l%2Fc2dYgzlNRq2cpmhxVJZuixzVwGqeELVCGwOvODT2TFNxQ
37.,无限暖暖,12.9万,/l?e=cbcfdsMUSGTqcOrsPiTv%2Ffc0%2BC%2BQqjB77i88uDtqce2HU%2FilMvgxxJWGc6MxfjcDE0I18uVLOboNB8f483mbTcM1hl70UtInQ%2Ba10WkC694RRxhGy%2BYL7qVmhpr%2F2qNPKS66Bx3idaVlKL3whmVVnMjHR%2Fc6rlDwcItD19W76El6MggIXlQQaZFoJ%2F3yRVS1i3e7tln8PvN2SYnJcUykm%2B4
38.,jlpt,12.8万,/l?e=5e93yFm5w%2BXm07OdjTh9M6qzuRSU77BsFw0dN1BDVCEuMDvFnrQHkSjGQtJaPEYStkEvC5cJSwhin3mAxh1i6tk9SM2fnlzEhy%2Boz0bHFMJAbU09OpFtpG1upQ38Gr0OFo%2Bn7ua%2FVG%2BF
39.,以为是一套卷子没想到发下来一本书,12.8万,/l?e=4fe7GUMPX35Wy9F6cEY21zhUVz2beqgNT5Lb0qXu31ikcF8tyDKO6dLhqQxZAIORgs5txzjKi0HCkjxQOgA7O9X%2FPrcl5N2DkdOfafaHIWunFdxtL5mKeNOOSORPf6KSRE9P550fXleRvASUs0OKriOM8RHhWZ193Rj1UWEQA9%2Fh2Lh8pCS9aSBgfgNHnOWC8efOyOb6oFm38rGatgCtOTKLsu4J%2BzNqZPECzS59dq224sroGQwl7DjIAECtsXLg3OF1aBOeqQ4BYRWAbdtlSo57kA63knFGFoWwYbIiFJHr%2BV3k2TrzixD8A6wTQYCOpG5gVsTmRZ4aOgSKBgJ%2FThJzr23axjOyO%2FbsqVZzqglBGtxHs%2F%2Fqd6kf9fXCtqr4Hs%2BoB5drXxaZrbDJ6aQ0kkmjM622fOkm2YrWX0Xr%2FnP%2Foc2ApWEV91xpENxBUo0n77ViqX8
40.,艾滋夫妇确诊感染后的第20年,12.6万,/l?e=2c91xfqjafaDLpMbCQ0IYVT5zaMAi%2FH6ehxpGhdBRsoABBMPqrpf2nerekhCkxv02XQXy6B%2BeXaojIod2vPlZqU8jlMO%2F7C%2FJuegkC6ZFhBusZKWQx69XEQRrpKsmI1XRqZgc0SJBkCgjwTibqjscnckFMYwWsV5cvmR7BgyO%2BXGnarZqbzy%2FvuTcsBRQypiXHyCd1RuQq40qPzquv%2FcVr7sJDznIK8x%2BmBBgjsaXpASv1yjrdotz5PJHiZF%2BxYjyEi1Whm95ulPq%2BNU3jZlNYGasutO3efAFcqnz3k%2F%2Fjt9bFhwqt%2B%2BWbe%2BM4HGdcZIAOI0dANK153xx%2FDcvJeVO6exWKqNQkVi3M9d49prYa%2B%2B7fZJnZRmTWJwUA
41.,张予曦再扮小舞,剧集 125212,/l?e=0ed9iFgo3vCdrquFU7v9g9pnyp%2FD1zSN%2B9Vt62KmM2wmcQlg7PGoIsa9AGRDJTHEZl6hrq5RDOwqm3lXwkkkOjrP65O0QBxiGZk6wzx4idl%2Fnelz7otTMT6tVcRlGahiuAE8scPFB64559fjzyB70D3iRl0O7xsj4JzrdN8Tw%2F4PVW48P%2F2bBvHzdBHu%2B%2BVGuysFrvWeZziktW0UAyAq0lk67OuChcvifGL76I1Wl3F8AS1pTjtETq3rhqOchSDoo0kSL4T64Ir%2Bo63MhRQ
42.,星光大赏抽门票,盛典 113652,/l?e=874aIp%2FZsw6fVbYBDXBoV2Rz9c2AVAgnl0Uc%2BgCPUTKYE0ngOY%2B7X5HWM7%2BuU%2Fc%2BTjhbit4m%2Fn9nakrcEnSSHYplx2%2FESu256IsNSZ5OFtTvQoCgrF5PMQ1H6ROUZ6l6kg20AYmL286LNeyw9eD9iNfgoFtGr0aXbSUAFbcam50vk%2F1AKdis2OHf2qzzLqTWOb1onO0z%2BU3lZh0cUHDzsEcpUragx4oFMuTJz%2Fu0ahnuOLFiJXl9IdaNj59XYkgpt09BeSoKak0WrRruB88
43.,丁禹兮南部档案上班路透,11.4万,/l?e=c060QIlkYtjk%2Bv2aPLjFherkcmDYSCzcN%2F8%2FJQwMz7BIPaS4Ltm2bSDCu%2FEotWAdGUMDnaa9Yuf8lh1Plq1jnFvtonLVqvkZtLA66O01JvtqeFzTR5V2%2Bz9tbnqwDcCLL4iW7M4tulPqUpCMn1Gjwv44JvPT8xJunItBQZUcTwNgiCMVwRKVaj61AoCFPhQY7WpCP8hBOtuCiaV5hMu0SILN23yrX2ShHdyfjjYBoQyXbwOE1N4MtQ7OhCa6iqitbJPNadXgnA59CgCulhAwfCLqiD1B5G7PyRGwcdItvfGVErsjPZIZrLiipcj6avrClyeJfhVaj22CD%2BhA7zZUZoDpWyNBTqFbalo
44.,宋亚轩吓关晓彤,综艺 112581,/l?e=c5c293WUC2K%2FZS4BQLuSVz5uDnEgRl96VA2TS3I6K6gY9B7yonACjFb0qemqV4DWu%2BbUNvneYGOIT0UvauBwHZHreuyK1mZNr%2BTHX7iSEET9EmkphUlzdJgS8yNFu4l8sFPspIt5XQf%2FmO%2FgcfHL7F%2F55FFJtTs8b7LKzPDBTpykim77cggBGNaI3e01MalO94ZVuHRJTEIK0AaRnWINo3I%2BpsLgnj1SEwipiIMvYBcqHQOTh11OqCfiQjU%2F5vtUAaXfPCzDKhXDBCJQVr8
45.,白鹿踩茶饼体重不够,综艺 108904,/l?e=743a1F%2F0iq5kxA35j49H9%2Fi4gbVhrb3DbMD4Cuafqxq8h%2Bvvu8tzGEg8RrUNeKGGHj6v4Dynv0Vd%2Be3rTM6ZVtYOeeBeNzGmSmiOAzxI6SkxwGG%2Fhn%2FCFDzW7l65vl6pMGl1Is9RjxaPOknQLLrXCNpJ6pwBvAT%2FEDh39JBhI%2FtkwQBKp3NAjf%2BwcUQjKc2hUfQYRgJAU7HmRMFV%2F%2BzPpkFdRfDVIf4Ya4%2FJlTDQBpFytEbhwd8bWmkC1rJuS%2F7XeUpTKZu6Sl1EUbeeWbvf1KLL9kzaONwe%2Bs%2F0Ue9ngKAr1Cv7GvfB1inGYbQ
46.,广州出现奇葩斑马线,10.7万,/l?e=6709OIiXJrXvxrb78WpqKWVA%2BvZuyaDjbV8dKT6rezn4IvZmUZb%2BcR2BKx7RntBFmfGx2vTVptsQcK%2FP%2BDxNXnxqcU3jsbiBBvx7OQtHNr4bLXEsjvEVymepmljTdUAEKgmPg4zT7Lq3c%2FOrfZCOr3xw8D%2B75R%2FSKkVHW9A8tofIK2xRVeJJvnX%2F1YvKedbVa7lRzgB3P6Pv9ACxt6tsw2Tb91s8%2Bzoe3m%2FvQ3bX6ywZ0RaJUvqzptrl5D7dzqXNGv80Rx%2BM35myLqzFom7hrvwRbJjWsCdAO5DNy37U9ZNF5%2FtiNflWfr7QcIw
47.,快乐再出发,综艺 105303,/l?e=a0805H88Ea%2Fbr7FiXRVfQoDv%2Bv%2FkrUrXibPxe%2BA9rE9PhWU%2BiMe0%2FQz2nNLh4Br48Zs4BsGBuxM7R7HXlb5p6uXJ7swwn5dbuk9Wgk3%2FH0b7%2FlRnkKnTTqXAnFvLrRzZQIPS0WHGxreMLMCqzrwWbFyIRCj8NksgEKVWmb1jtZ%2FAQAB4Uek%2FEi0fGmBitDpVe6iHaI9Sok8LkmNHEZ5WJ0Mr0l8OmChu2f%2FBapT%2FMSY
48.,突然就明白了什么是情感漠视,9.7万,/l?e=b007xEH0nzpKj64WHYxJEubG19wk4VawHFhl4O0mN0RrDbuIAoaC9eDqYuKouRMD4fjN1lIz1%2BFhvn%2B9zxVbyzBpqncc1l12jvTfo%2Bxi1J%2Bm9vugcg2p2Cpj818NoCC4ReuzgjPx3WT17J%2Fr49kV64mArzynmgnLyohqMHq0VVsT%2FlK8okAlGHkI2vjGEL%2FWKVg71Qg2vmM4Me0X1ijbhMIH5BVIjmxViXsI9Ol%2BlFym5SykEe43MFnVrwyk8o5flsbmCLh%2FsLSPtbWhwTBmoo0uGn9OEdcyStZKvXviEH3h4I97CpxqXF%2Bp4YsUQGnkadv2oBqt%2Fmy%2BPjtDE9qlj6FFztUvdxkwdfuuIoU%2BXMPkpmYCK2BHwk7aALioQOgo33%2FxBb5XKIY
49.,秦彻深渊主宰,8.7万,/l?e=fe8dPhE7zeEyVTHuKEKZzm9eLQJrfl1tp21EIEOlRFwrcY2SCiQFfUwyrpdjn8P1OLiPdY6IEdmwr16V17J0pD7SWZ6kJHEM9Nd1pQWA7FaVCf11vFtv1jy%2FN2lBA3bsbDiCK%2FClmf3UdstXpknGQX7hkA5DH%2B8Mv2KOjOIIHoycgevWtx%2BhH%2Fkpr0Z2udamJ4SuZjj2o4LoD2sPDhAZE85BFpzFqHVWqdjQYkPYnZ6oMndUVTqPxvwBrkr8DWg
50.,石破茂发生车祸现场细节,8.4万,/l?e=81e4ayI5GgtWSVdBW0sEDFBjDEHvDKxc1RH9PVg%2Ffm5eZKCBQ135pGGgnIrp9JaOzoob1t6Xo67nHG4DeRqcWK%2F1Z67ANhFItSIzKMIiIE6LEcN4LRop%2Bn4K0eUHTlp0hHWYcFqmcLFjey3LvgNuXZpsLaGzm280Gu%2FSIsmTg2nrYxlM12LscUfXJ%2B9tgFVFNCjfnZS5eDdhSXAquexLB31zmf%2F%2Bzoch3lx%2F6KrrzofWqnMPcG7oQLcpE%2FkNc5x0WWEjbbxLeiHT53WaV%2FKyAWgyLE4raQ01k%2FCNlIlYdJODtIOMqA8Ue%2ByEEKFKiRb83qYTBZ%2FwxI296VioHBw8m5PRMhjM7lmoG6o
51.,JDG官宣ALE加入,8.3万,/l?e=5524%2BrSAUUy2uivIaNGQLkiqxS%2FOZIUYWlcGlGptl19WfiZOt0hk6NFKa%2FtvtQaTsKhrTtxtSQV%2FUBpjLWlAxTDZl0ABERTv7kSPzica7CqhUKRPvP0fKSi3K45s5J%2BLLKZ%2FsdYMxOoJI1MdgdpCTSjtl%2FNBW0SXTOGxescYxbOAYjqEd%2BXsMe%2Fuj7Z9KuVha4%2FDXb5MJ67hM15vDpY7J5TMgcKHk9U
52.,会长回应夺国内男子第一,8.3万,/l?e=6ee97qv51f0pGxz679SG9eKWktzPrtCs2PxraJ0clGJ2FGr3zXg8MyDUAj898DIqBuPH%2BIYN9df5%2Bsl7l63HuSigPuDtGfaxYLei6xsrKaGtL6oLVr33xICOQt1n4i%2F2xJUaOKdEyBnY3gXWClE3GaK%2BXv1HrnK6kNl5dZiKz8fBkasEKN3Mk%2Fmb27MCyK%2BWcC5o%2B%2BWm%2FOxp1k99TJE6kRgv%2FTR2SRpbNCk7EVIPpg0hPsq5j6o6zxhguLGUTbrS7tX99fOJHGQLKPsghW9%2F%2Fr18TwLB9ygmbEBTuExOd8EMDINiYJ7GTveomASb6rllPLuBBNt33kIIYnnV8w7E09KDrzlXErzoI2A
2024-12-01,三人虚假摆拍救助流浪女视频被罚,,/l?e=97c7%2B2cmhZ0TvvKi3nVUer4rAAxfvPsKb8MK2OHNpdzPed1S%2BHiwrgF%2FgbPqVSYoroKacHI2%2FrSbiFl3jGv4WGNMsdbb9uCGQk2DiLb3HObDPl1dwwIS%2F9ejo41qY68jje9wsOBR321t%2Boc6ZTaUs9AEhI9wQd7K%2B70MslNe78FsxgrxEJhKfB9%2BUoIExqL%2Fs18TlthClz29R7eZu2hwOp5pfauh6s0FES71wZZKIX%2Fa9Psusbp7qt1GecTQellu0JxZwtg4CrnzNS%2FL0MOldo07ltTszb4cLGzqz2navuobilFz2Tm9U%2B5ytqCwyd7kehkVN%2BL90ZYH3NbdxSINHabhq4jL%2BnLBQPhmYxef%2F%2Fn46kEfcNYrH3u%2B2R7sGig7uEI%2FehtdqItIIGRH2U23VyebBY%2FXmdK7JKXdmr9J%2Fm5H8o47jrU
2024-12-01,太阳星辰凯晴下线,剧集 227834,/l?e=92a1JytYucOGWiTcwF5F5yHrci4uKhyZCfSw%2FCBA38GLhIufU4ohpSCtlsLPOlnPydRiTlRD4t8czywX14XjcU1hMD%2F8bM4GOvSPVmMqI6%2FCd8YI5AAPGYbP67ImlrW908fZpl%2BsHKUBXggD6csmesE58X6Rru%2BLT1jW9XxsfeJb4YyEKltg0fWBD%2F2ZJF%2BXLnDy%2Bmqsl8GYuAqOh3iM0CthdC%2BTCObIugeMp6RcxjuFHj7GLZoDepMgRjddWF7JPaAMn7kcS5i1GnFEOK%2BtDYPlxNGkJ5YK%2BwoKWSg
2024-12-01,朱志鑫苏新皓MV合照,22.5万,/l?e=f52eHQct72dkOlmYOVrqbTTrN9tXZukOKnrBU6lMfmPC3kxDZiwGRkuSR1IynqlQ80NkUvkzke6aLfXiQWkJFAo3e7uZM8Mzg9NrJ%2BYYmAZO1mzlAr0OMyNUJOMuHawozX7uRYaecOFLnNDBsDE5SZbp14DXN7H05lXsqU7k5lQls2XtTuPVK4sCHVAftSLmAKOUWlkAqEpgAP5FVT415SZsuCVzeRGWZYMI2DGcUfdtZ3Oc0u1HlGiGKej%2BBHzWPEidel5zI7Z7YfdDN7VkapVtumSqtw6P48lgFhQUqw
2024-12-01,会长回应夺国内男子第一,8.3万,/l?e=be70JXCCm9lgPiZskanMjYvuJgBrFGA5CDOFAvqcLN4lLdYpfrAS4I6y0zHGLqUpeiPsFDODGx%2FCZDlHPty8SaTA3tj%2F9ab1huf8PonOJJbNrfHRMyf5PsbjTNLcYWW3tZRVvLKKGCYgsJk4MqQRWoKM62jhkWE%2F6eEEJE2QhLItanxOii1NJQNNa%2BZ%2BruhQYlLqBZv5GJYupdK7yV8VWi2QLf5XYtNZ7C5KTCcM8vT7qYBo8kzjFraW7qNC0rnRFtu0MptYUV0cjTKTKas51qOMAJaNscYaUmjJNqdDonTPa3o9BO8kKs%2FaKZh7vvxqbIKRhAzLgi%2FsTttQ588KN%2BinsuB%2B4i%2Fy2x4
2024-12-01,菲律宾一村庄村民分食海龟致3人死亡,23.2万,/l?e=4c1fNukOLW%2FSyoj%2Fk3T80G5RiGn9m6AKwFoLk3SiHqJZUJj158DcIs3zyfknW07jOAeUQHUBAlRgh%2F7GERbmBk1T9auUL2OEXovTHfdZSQGcluv%2BbiAMJ1FvkjY7XQvho8M203m53dNU21ox81e5Q5%2FFM%2BC0wLe9i3KNH7bAxUO2pcRbHGYH0hktFPLfV93%2Bn7gfiY2mSq%2F6Sdaz7kyVrZ65vZ9NU7mwKy%2BJd7K632hdJaOilaoTlS%2FEaU%2FF4iuLnk0Wikgrb0nW2sftIzg06j8f2RqBbX7NGt479onC3T0%2B5UCXyxr1ryfQe8hnC%2B4gvKwZm0QK3ai1sro%2F5pFBAjDqpY%2BgqbEK%2BllCt2ttKFpIK7hw58ovvkzaLzvcyqQ8fWTzRKQCLppUaLRhsMy94hXTkCVU4uBlcByRDLyDEITkt4BDLewABVUhFRhVHQ4Rrv7AZBZQ
2024-12-01,律师称网友有权抵制李行亮商演,演出 235469,/l?e=4217hBJGkOnqB7jPWkOBjNxchkUz5CiKokz%2BgWRTYxFnVeFWcZvtvPyeSs0fWMCVV11rTWi1S21d5sjWYa909QYC2CdHRC4jzpu1v45mJJ764tH%2FbzRCBe062B%2Fu4Wh1S6dTgdgARzSx0g3Kz9xcnV60yVVGIDIqRZUXUo3yUIoxbdhs5yBZqcuqOZ8KtzKNsglezEPhifrIA7K%2BbTaSNfks%2B7gjOMxi%2Bhtc60QiFaIrzvNJPVp4T13Kb5m3R%2FvVKiIc7AvCPsYSbOyLBpw8te7FqT81VnxeAISCW5J%2BkVpL5qXy5AJWkb20Un8M3N2QXwbzSVCwsZ8RjTlkCL6Z%2Bit5vF5R1a%2Bu0vca4PApGflGxQaBKdnyOCgzzLMlIJeFznUCfdq%2FkXQ4%2BnzXsg9LPWZlnbszBV8
2024-12-01,莎头组合合体,28.5万,/l?e=606cLDanFkwlwGzzLBw7tvB3HEPlsAP0rPRIIUTo857k5HBdxbDU6HL0eDGA3nzmWB2GFFcDHY0ecQ%2F43%2FRZUsiGYUAYuorSyH%2FXVJYEsRiLsEO7DqrAjBke0Royjudg3epgZE0ehrZHOdVod2JL1VVT%2BqvisaVOW2mg4JtrHes%2Fpr1aiqPWWbz7P3TMOOjJji3S8CmMz6oD74tSKXI3GJwCaVEW6SqK12eMAz%2BK6%2FA%2FGgG0Ikn4CQIlKGhQRiY
2024-12-01,双轨换导演,剧集 172728,/l?e=7debpw8yEbKYlsg%2F5bZHqlZ4wOPyj%2BL621LNF21mcLAf6cSIDQhEZK8pilBN0WoGPuT4a6CGOYOAXIEWEAI6%2FZawtXYLPFCWwc7pib%2F3NXV%2FXmuXebsYEwwMtl8mkq69iRpg0VHLaDOWGhRGzhK5Pwvicn5ABTf8My3IlTTF6KcYXoI6IFYg06HCs159hxqC%2FWcX%2FNWG8Zrt%2FSCqOyPOj886muzRWbyq5rtiRXUSg7s
2024-12-01,小伙捐出日军罪证2年后还在被网暴,16.2万,/l?e=f77fWcVJcL6QZ%2FKa6V9ioMcWsTJutVc1X6zsiLNT%2FOkcxSFhjSct%2FN2n073uZgXX683ReMn5%2FEyzTkw7Jbw1tr8GH75KMbFE6DITGPCg%2Brl16RrZ59aBQDci441o0tJT61KRCRntvYYTTGWhRzFdftC2q8dyM%2Bm2GO48a6r8k5ZM2Cmy6wwT4a6W2gz8IJr1jNVRFZi04SvHcbK%2BYIES5RZIwKVcwdGKyeOiuITLVlavJi068L5lGi%2Fe8KR5C%2F3%2BsAPJja3XOAvHQn0COKOds7dAMlH5VD7o7XpIcoctwCH9rW7nYSfmrmrTnKc4pBKHzdaJMbMgTHrKfIaJ0YEdOdaAI6REMd9BkVcQMk53oUf6QQk7vl7iDUN4iuBZB0h9BxbbaOb33KThcRbGo2dkxhAnxPq1jcHOVNY5is4JRVT2XWAryLRT
2024-12-01,Whiplash一位,音乐 162811,/l?e=be70JXCCm9lgPiZskfqcgdi9c10wQ2c7WD%2FWWKmcLN4lLdYpfrAS4I6y0zHGLqUpeiPsFDODGx%2FCZDlHPty8SaTA3tj%2F9ab1huf8PonOJJbNrfHRQX2lC56nDY%2B7EHXAtIgmrMKHeC0wupwkNbRmW%2BX4%2BxiQ8WYv45AbD1WRiKVZe3pV%2Fi5QOQQ7Gg
2024-12-01,以为是一套卷子没想到发下来一本书,12.8万,/l?e=326598pyElAoUoIDKqLbZc%2BPKl%2BlHBfdT5A7WAFqFcx3trkQP6KRRpkV%2ByvJSZY1piBFXF0MNpMfuiyJNEfMWYHcVqpRwL7YHOCbcqj3izlJLU35W%2FRVPjH0YfyQ7578pj3Tf89H6e9M2feK9oSFcpiGypqgqloeAEU9I4YpNzmArv7BzIVPqPZZCScDAo6bZ9oBxLdH1Ou9HXGU0%2BZojXLu4Ps1oQv8qmizUJgt7zIkvo9GTjQsoglvS6vst2r3aSbYdl15SRaKeOfrgd%2BZGdeSmnT37ujC93WKIspOXqQnMit4b0Kr2tb%2FW53j1XNzu4grEjBlNYQxxWUDSXXxH3nU2Y34BJsDuj9EfvTllLztR%2BFF2Yudu8oYBbvR5%2BOKLbheK%2BYHprUw7C4auVBTeOqsOyDeDM1SQmKYa0FHFJRPxkBV8oQRM1t6GmTZcbxGcdorDJ0
2024-12-01,广州出现奇葩斑马线,10.7万,/l?e=b9602C74S632LqVWfuVytqE2io%2Fs4%2FN0E%2Fo%2BDSCbuVgjFYLb5MYGuxrH%2FgHtUr%2FPloZmjWfUDaMI0m4VQ1EAm9ArSyY8PSdv0OPdi4JrjHpUgwqZdROxw%2BVMIACjJEIeRwVC%2B4BspjwCL%2BAw152YgBG9Rb8PTIIw6OiIxMyOvydGjQtd4pLhUfY1YuwUML9M6u68YS69soIQ1ZaaB5GqazGJg4BcPrBToC4QBUKIjsHhhTUvmks%2FDif9cMurYzVCehzWgPaYUUfvQFRSNBcC8J6ohLqO1UulegFrm%2FRZarWgopb9bxY41DlGx%2Fk
2024-12-01,星光大赏抽门票,盛典 113652,/l?e=9196IYOwFlENsc%2B6ytE1747L1kCOuVlnnnN3AM7IfkDiSTwQNho4iCx4SvJDsE55wO1z2dyXqkP4oYPgr8ApS%2FX3bdNiJTE4ijvQBYlIwyaM4ZrzvvWEIZ7LSJzwJMnwxBUN65vwzI7JnFTxPgphHqMJ6gMoBjh1GRiQl7NONyWLWtMEEtQUUdBGqSX83LMcAbHIj%2F%2FEm0zuS4yt0F7u4Q8U3gp%2B8Q6tziJiZ%2BbFbnTEKd4Rk1WHgATgRSfrhtQ1%2BPHMgYRZEZc8fNJODDs
2024-12-01,不靠攻略靠感觉的旅行有多爽,12.4万,/l?e=6ea4hU3lZak9uh7dRiEXcnG%2FbVOo%2BYSrmTxh6bF%2BpKezEh384jSursTh3f4cVnRDzbfPx4wCQlfGAnx3%2BFI248irWFNVXqm3i124bRsqsoCuIeSaLCT8a6O%2BmjoVIuP2I%2Fn1TBRnYiXZqP9uOe1jPdP2lcRRr1Tq0kGH6oxhBgMHkafqJFdhnv%2F26UbDS7TCFPEeEMjvrEwBATdxx%2FQtbR0tTDY%2FKI8HCSJdNRTNvPTCIYXVg%2B3Pjaaei3%2BXOoK1XGNr%2FnlaItphO7PCLwZxTBkwhldhtNdE%2BHtQdGVR2xhQAJzKId%2FqQRkS9SBsuVmeDvLVuWGsSxaF93X%2BTKzRtuntKYVUljW1AXGZ2jgcEIKxKgr2tSmct9Ih1RCSZ%2BRMCKhTEjr1Xr8
2024-12-01,17岁中专生被7家企业疯抢妈妈骄傲,82.5万,/l?e=800ckiNLyAruwyLiHM5DVZZJCsSvD%2FPaby8PRb48r%2FdIfHYseGzkZ6kCxc%2FzbPJyDnMmyl0q1JdVO7ZOUrZkM4zY3%2BWDpI9g9sxS0t4IEdiZHJhVrweblHpVJtPAyfr1ZDKL9cE1U7fpVeN34eRJkRiJHIwRXX%2BDcvhjCL9oFZU4RAdsKBTzi7ENyssn5yvXFMuUCpcJLn1UwqYR%2Bc2XsKlHSbgyTeAG4SNpL%2F0e1RMLfXxgNgIwcLCP6EC77W2IUQyFpxDRoSQn5Byi0x9cdVBryJpg0dIuyoOEhGcvPSojt9f%2FM0i3ZF0zxRrmFnRjXHkFGS%2BpeBZX2lfnDxsKA27KNtTcHhs8eZJg2I%2F%2BY4zpPPj4SUdksMEkcz1MYtnAbjy9kC8lCl94jeS%2BVTfyhzF4DojsbY2nK7Q
2024-12-01,我国首型4米级直径的火箭,82.3万,/l?e=2f98WhwkAK19681pIVXQYooXmwITYbUpkBbYRTlO2lz7v0C3N6YkzndrTlPOJozDV2OK7H8U%2FZRiJaL0rNXrAVUR9P5HXSF0OOB%2F50W07KO7RHDRqXMtdh%2BC9PWE4NAmvlurcx9aUffmLYW913dz7YnY1uTFPMPc72Ti9VVVCI4LCzHHwudg7CikTtZ9sPh2CAvSXDgNBuZqPjcPn2nyop0DNSvRH60k%2BkEjR1N2LjE5MIXxQhVixZjXQEK70tg3zrP1tE5Ogu6XMf7R5vmdSrZWlmE1czhxjU3JV3tFQKEqCu9AXKH3x%2Bry%2BeAkg3DGNVf9c3ArlBObhcNNBcjStvhMicOeWBGujhD2
2024-12-01,米卡参加了马拉松,11.9万,/l?e=cc9dg72MdqaUq50kBKp670Wd0DqkETyIxVFfxmDwTKqHeOCiS6mKjK9SJqZ%2FJnut%2FIoGzd%2BvWOekz0qEYBUxCjzVNx0XkVG9WHJ51o76FNgZaSNjbyk5WOhBeF8%2FaiMoVjj43G1sa%2FGPAR5O%2BvEnMzEhfUJjLgpFJVBVlOOV%2BUeUJEBBjlcv4KeLzaLt5ssSxJUQl643ZAFdPr0afij4QtNhhfFETNdcmWxefB2e9MXuUDIabmSO16Er24p55mloUuUFSndTMhyuIx1Nr04SKNhRN63A19FtuqFE3i8
2024-12-01,JDG官宣ALE加入,8.3万,/l?e=8beeUGbf%2BVHKotSIDMWuCwJGfj4a9Vsqt1IB%2BYBiYmuoqECOkKFQhkV%2FGER4YVW4bndzKPolv1f5LVnhj72SojI6QxgrP0M8IxrwlJ5wCYuy3Ue6JmRzBF9QMvMK92QpVIco7eOmgqvX5sojBmXYGsGrXWnGTRMS7RTmSpjetTfeRm3tALk0DcyfYF05spvZuvDERikmJ%2Fro2B%2FtB16efd6VKR5av3o
2024-12-01,8个奇特的冬日限定美景,177.1万阅读 | @人民日报,/l?e=477bx3czl8StyfDPeian0MxbF0BoCa%2B8FJj69tiCiA1BCMJbQsc2LWmxNCl29LAg0FJ9sxyiSGnVcLNYj8QRYSaR6QhROq%2BEfwmhNZQ1UEnjgaDQ9reTvL1p3OhZOSLDTjJRaOifEhKrAhVzEIbp%2FNDLigm8AmKtDeXOuOKT%2B0309HO5j9gCqmWc2otZiKR0N02sPd6I0wOzu8v4IQylX3eBo6YI8WAF8gjsyH1lOgdARfakZesQXNHL49hUj8%2F%2FO1tv3opHP%2FTVfE2ioEqCIb5WfqWl9CDJjw3xlFy%2F4Acec89rx%2Bhs0BUNu9NARiXePCrykBjoOhj3DXd3
2024-12-01,从再见爱人看女性之间的默契,27.8万,/l?e=605fhv%2BSoibC%2B1vd5f1lM1R1Y5qPTM3p3ZjA9IBSWXzVM4r4eSSgV3xVohAjWGf0khor3VRgmo0hDCRtg3Xob1t5RmFx97B%2B%2BjBIGYRQG4MS45LOpezQuDFWcHB5Y5M%2BywmedBs%2FQzl6gtAHYnsO%2F8aXt81ej%2FN3blyvx9I6V2B5lC53z7wdpv9UVkbTlffyKbVIa11iRaAs06tIoScWpqSmVPhH1wZGbx0eM7pbhGJ5NzFA2ypwsv0wedxdg%2B3crPcHZfYic7JX7zqW594mt8riKuIFzaiLSIQ37JQtSKYEaDnJT8bO%2FzKO9Wim2Ye4ACBYNMdzWkYHobFqQH2p9m9UYEODvkheHQthtZEDjARvd05UaVNiXJTc%2F%2FV2ZIhTQaiu6Vww29A
2024-12-01,林栋哲庄筱婷婚后生活,综艺 442914,/l?e=6cae%2BDQ%2FPCorG7drZSIAaEDoYVimCjTlYD%2B91q0TYwFyXNn1DbXd6Mdr0d1KSz5sieX2WHB81L1OSPo8R19rxdNGLm9fgKw8edK0W%2BScKS1VBsHqxzxPtBkzuhKskGHB8eEKKfLwECp2%2FOOgWkG03m0MUliy3XWBBi1xc57CkfOBv70%2FY8%2FxwMmGoOxFnwebMrDx89hKa5Q%2FIwMgCLvo81Oo1pf3yeX02wTatTCivPc57NvfDGuCUzhQgKVl0i9kWZK8X%2FQFY7H8DPwOMgVN3qHCR00h8c8Y%2BUCfzhacLogTocPUOdb7zMvduyNQoI4%2FTH4bQfgHwnB4t6I
2024-12-01,张予曦再扮小舞,剧集 125212,/l?e=4cf9uMCOzmvaFRC4jefe5Ak2X1sWR%2B7%2FMr06LOhCuW%2FQLKxo8QKXKQJ2d1VeWLju6qJShhLC%2FT9tq%2B63udGbEvmTMFAGPkIe1kH3PVehiQakm%2BnSVIl%2F%2BmxdN3TBIHVLYRmm3iFU78x4fJw5aF%2BTU2bmxe%2FqGWzp%2FOfLPLekH6kwnJqy9jpbln%2Bu2ElQtoVEvcE5JJO60mqMpy%2BGQYYFe3hsUBdxoPtJltxJyGUsvm%2FRQtYF3%2Fws%2FKChPbKwJw1racHSBV%2BhVS0wH8W3Zz8
2024-12-01,南部档案,15.4万,/l?e=7156IVP2tjS2INjtW8AIbWdnt%2BSm2ouURYMpVraCbBUqP%2BFXEF4WIW6rCaw0Ya8S3kwhXHDagQdBXhCjCOmoquSyePFkMe1Mxf7xbDCx39SxvrDQ5WL1JToIQSamnJewUaY4ogexVZrszbypNhtACRn0C2dQlaO4PufnkFpGzwjwjOfC2ZYyCy1V9PX9lWbIIi7rkN3arrHDXiSRND%2BwojM
2024-12-01,网友称在思念水饺中发现烟头,205.1万阅读 | @潇湘晨报,/l?e=b7344IRayDQzfgQnSsDZrX%2FkOYhVLUbg4EtblKxmhkm3BtAtIp9p9jO1L6eg9GJidPE7UDLrP82Y2buIc7Dy%2BLCXbevDYI9OsumX5A60MqZpflIIGNYYL7iy9aU9XO3mCyxt5qpxAN4DOQQd6c%2BXTXTtzrrZCCw6ZJPPSQgk0P56VFICuOG99x3%2Bam%2FRuZVcmZq%2BE%2FSqcqVbo8gWup1VGvUTBbR%2Fm0Hb%2FUU0YaCDow%2Fu%2BPxONite2f8ayI7UZAMfEk%2BOFiWYCrrXv8O2BWc0YlVgVelqcUF3c7Ezq4jTtur3oa3yg7zaXEreVNI6Al6o%2FGNj1fRIbmEB5iuHOQrjIbkJJ4FL%2FXFvYsEhiAwg6rVszvSwON9crqJtgWiDmvXEqIL6ejcn6Yo
2024-12-01,极端天气是如何一步步成为常态的,166.0万阅读 | @三联生活周刊,/l?e=f035zDhTyxTn4RMIuURu6nkvG4Lk1r24wuboUQm%2FWRpRXFY5a%2Fs6QbDpWl5w0KbeoXwIwQd0fAk8ChU219ghWermyjZAI0WuScQX36HkzN9gUxQxZPOWfgJnG9%2FEqrSosYtZz8ogoqBqeJWGtQ5jPEweXybywUJJzWMrxhx14LPdJYZKo6y9ZpbremajaHQ5sLgKTMOCYBHHBqtVfH2vIhMv8NENDxMVZzgPenDIydzKPygK1Hmm5v%2F2Yv%2F1TOW%2F1pp8V3BH4NFzCOlux7rnLNeLw8bHqU%2FRh%2BiqXAQDlLTBdOaEwgIxOXqFMNeT%2FGpDP0mgZIXuIUiiSVL6nNLn36a8eO6t89fL8NHeyui1VBdhi5O4ESFp328mjTP%2Bncw1KAWTfbpE9I8xokgtTMLHjQ%2FArPEqQKPbhWoBqc8YxuGhqn9w2sE
2024-12-01,王楚钦说自己内心的起伏超出预期,26.2万,/l?e=c5b5A0mOATKqznPyE%2Blf7AeuNj19NrDdHkzXzzIxT0uxHCNgDOrP6I1C9D1UNW0sAh5XsTnIRdDXA6KT8ZtO%2FxSSypIvcNeDRqNGTWQtaaohyMukVB%2BqDQiH22pzFzgOvzRWLCUV34ximiSSl%2BIysy%2BRiGr8A9uY5yYbbwoChVL%2FEUVAHXctY%2BJhZheR%2FF7w6NwsBE2heHvpAsAv3dwjMagDM89GExZSIybp3gjIV5v4ttkPJ9DV5EYjJZsvUc8FI9UqOKbEVoAD7lAYVc0HK%2Fs54tUkeXTd2mYpUYTa3DtPpm8ZLK32hpzkvwPaJMx1bxxgfpwFILn5lvwIxSBv%2FJ6%2FP7kM6BlnKH7ZNJdkX6VhHaccKqlt5ZKqyYLi845x7HvYpGJSiL4WmbWY7BrjkuccoBWoAaszM4yqe4hnfgMMLfMw0%2FQ
2024-12-01,费启鸣白夜破晓整顿职场,剧集 187405,/l?e=e627uffj8DaQis19rFVJQsfQZvnScwRmLP9H7m2O83i%2Bwmh4YuVidkREqO6rTFKVtrYnX9m4FUfKtKlwVeXZi1cTyKW7ucrvK%2BcCbXA4BscJjWTyyne18Qh4KgSpZGfam5NHrguKIAULId2RDpyUtLRfisn4q1sMRrntF5W1E88asdoUCtldXUyGKQBfMY03dnWTYr%2B7K1sSqGp8nV0EO4qARzGEJXXFKwew%2F7S39zZTWARQrpCvicyahhAV%2Bqk8ENcwZh4XTdMuqIz8l9mR1AdpJJfdndgqGUxbd1x4EREep7i3sFHp42rR1URd9WPTq1haudpRz8BUcCHNlW4l8QM962BmD4x8II0
2024-12-01,jlpt,12.8万,/l?e=4a37%2BYTBNt4JUw1F8JkCqY4G3SNJa2cJGwliHm0cVsBjSg%2BoBmMfrM2U2CWlrMZfCLsB1VyKvhf2HH%2BcrSKOq%2Bd9fUIWYQrbbCHcXrohf8FdBCI1Op3H%2FVEsKq%2BORWvwbpP0yTqfMtTp
2024-12-01,套内60平米的精致小家,13.2万,/l?e=7177QZu19%2BXioSnM26GiVGjBhTbyZHFG99AigLUfGQiZvyqIpzL4Ep8EHaGObmGivfVjo1COtRhRLi1wLvvyEdRq3VKP%2Fm5msgA5kstoI4X085nQa5Cg6BwyWGGlMPTf8LSBGLgz1pTTHGSZB2%2FyKmcXEmSVT8Q5u05pvU0yR%2BTNLsER1Pj5azy68TrHkFOGDsgVM5A8hzFNUrILSbP%2BqlXyHDTmwoGQrT%2BWAUwoUWs9BQLosvRBHgfjvPhgo8bXxqB4jn1gqON0mQLqbQr0a6jHoQwd1AJt9EuNUtEwisM72PmXSbZzW87BzPmIlg
2024-12-01,高危性行为后多久能检测出艾滋病病毒,37.5万,/l?e=28a3gRFQpfqrmrsxDfwInFqaUOPcoYa4BsFQefnGGQNDrMIKTO2X3XeSGityS8Fjhe7RXVLO8uR%2BzjMZbpfAn22CefAkp55TH1wayhQeKxeClklo7iSyjQvwvW0TLtKbsH4x95lyQN1xsdsA51Z6eU%2FLXOD7eZYkPMcmlVfG26NtrdLZQXEy0UXyb62jhahPBycs1eG8%2Bgttqd3Xk2%2F%2FRQvyek5PRA6fWHiHV1es%2F%2BXbkNMkiLfw33QmKcghRnBTcOEjp1CYx8wPgTUkdo%2BbGa11mIlOV%2BqevqJl2K0zk8j6hr%2BCf%2BJ1I%2BTrNTEbZu749Rl0CpgQGvPNrjU76pV%2FK4A1zd2Y013GmCG9L5dL9Hd0IFU74iYeyxUEnlpFPI2bEhm5gOPDyoGvvp0XZK4TnnRzzZcWjHSxuh85FZe%2BIUamILMWlN1JkO7gTkNLAco6yCSms2TXoHG3aZO%2FEVRdwCblsv0
2024-12-01,机动车行驶证电子化在全国全面推行,269.9万阅读 | @新华社,/l?e=766cSma%2BTTNYxkNvwanoOQ36OHaw0rChUJmXcX0XjQVNEZjF33CutlE288YkHEMkTxwB7yNY%2BDymVJDPKsKqtITTvX22DMpaQ0nsO9CQVWFMsMjMh1LxmTibU5oGbCw1cvkmrSjvUCqBgc1asdl5XUkUXfY66QIGD15yc0NgjZ%2B7l7aWhRMdnUhVPKPy9TaoOlSmHVy0Wp22DVf3YabQG1Lyg%2ByzXRoIEhU5XyJeRrYmgoAomtLlDMj4NLASnsocZAKm6pBatErBN51GNcMetGYb551oUGMpkmjxoWUm1tQ524B4o2SHofE3CkhYPcTYc6bo5ebp5L6ND9hLdTQTjkgq%2Fy8u5eXwG5LJmGSSzbDvNER5727Rn5aVDxxaP9JYqwLDbaAcR7mEQb4S0MPUZwd5pm%2BM1DOxYe7iIFlELw4Rv0Lf5j2B74rlYcV%2FF%2BBSsMBg75g
2024-12-01,叶修上海痛街站岗,11.7万,/l?e=0ab4e4Nv1pdVILDPg8Qg%2BHUam2hZ0AoP50TmAe00zSRkLE9ILd5pqjuTxdKkBupi5abBeeUwvz5fRZwmy7pvpuvyZgAUmQBVUkfh6tFbUeRx2EmifSFwPpfdg69CDGKXwgPLBM6FCIiDZbSf9WWth4577LEV61nZM2vs5tJZH1hSVbmPi178fi8VVXshJCL%2BI1%2F%2Fe5%2BDGAB%2FTeFnF7ZQxgGJeBma8MKx9jfikvOqW6NFuzVYzYkb0flUspbuQbBSlUvKsBFbd3TuMJf2RpYsTNPGOFIjx%2BAmKB0HiFY
2024-12-01,章宇 孔刘加黄渤,10.1万,/l?e=0c1fz%2BfsuhrmcKO6vnrWjkJvjr20KrwNUOdzN9XLYvp8iheT7IaLUhQXA4KRM7qtKRHNQNFe%2FeNfke1Qqm%2F%2BhebznDw6FmzNyRKvOX2%2FUn5c1xzJpCMQY%2Fk4TotgAUB45z6SK12wdCjW%2Bw8zutaBFJR%2BdAg0fSwgvBkCw8s1ABWF%2FsT5yMSC0w8FFcDkTLBJsjDiWi4U7yjWcn%2FB00gr50t7lQGeBinD0Aw9Q7Fqkb%2BkMVDEsmr5sVFR3425LC8npa7KRxI5CLsd8Q0zthpMF3s
2024-12-01,极品婆婆撞到儿子儿媳亲热现场,剧集 272366,/l?e=2b36KGKYt6tOqfnciuOSycDV%2BgPfVjy%2BCMg50YJqtPVGqBLWm9Y8WjaroyFeF0S2XlM1MJK26ZRkMemfY3ZZlU%2B8oxYaY%2FrYUce0rf%2Fz%2FgUvYCWLDRMWndz3x1uQeVYqunmJrchdyYOkJN5bTnpIp%2FbRsNHv5mFiIoZgFYYh9havb8iTYnc3ilmP2YXD%2FBwKhZz%2BaeS8wjQXCgqVH8A2leALxjaocQsHP2JymsEdD0cVKvud%2Bz4THhX3W9%2BM2%2FL9xaFD1fZZMLihKBOTD0ADW7klseVB%2FyCjCuoG7VuxmTyOfAqFGsb9ckjaKXMWqSWiYN9yPhclh8UjbcovgdYg%2F%2Fr6u07C%2FkMw8isr9mAPxpZ4pmrq5H9V%2BF8JVkyHSFo1iHIPSnwUOFWnu0IPyQX8XgZQ5jr0PsI
2024-12-01,微信提现可以免手续费了,21.9万,/l?e=e683BTY%2BNVQooZIDxP731NOAMN7Brw8pkaErunQ%2FPdiwqFHJKpkcr1dD%2F2GhKJ%2F%2FkR1YIwRXCnvS%2FO5zMxnVgxcJG2PBWDS8IoZfkuYoDcOgp%2BCYaV%2Fvu%2FgDCTyZ7V%2Ft4gVlwTz29lGbV3mhrnNus4d52wCfO6qYuIYsWuKuzfRTtcmR7%2FV3cZtfZg7UT6veuWAuvdZsUReudYmMBYimOERHaUR89%2BRiaF6bOqKmhcLUDf2paWdp0aNbhhXGv8q37NNMBThdaX5C5IVpoGe46szux4dizvjVfwcAsAcvXktAU2yw00cxzK9JJW2t%2F865zu0CwHrXekN3V8Z1yXRu72rlE%2BWyO1bgfGA
2024-12-01,被场外莎莎拿捏了,13.9万,/l?e=9254N4DUKJyhn16hhMMY4nSwzY1rHxyhnYUNYTSLC%2F215dx1O7zCC35Mvt0KG3gfXTbW1Lbah3sh5APVaaKIWmiMRoLmVE2eG1m%2BMe3OKgjEJXvndS6foBU6ctjNKIFc9bXMrbkX6hA99XWeqN1DkUWnbTUruERzRmon4j%2FVX7me6Gyu4mAzuUCkJ%2Fd6fiTYVuP13Ku9CDs7iHeAwpcswkx5XpXrrqHFEulEkoy9FnnDoDw763kV7kmKLRzXLXJS%2BLH62Wi5FvSx1wrmJNoYBhozdeZ1IW60eC5QtsQ
2024-12-01,丁禹兮南部档案上班路透,11.4万,/l?e=9da8pzlJp%2Bno9YLUJojm%2BgxGC07k%2F9yelVCHr%2BvCohdLHr91RLN%2BwrmC5RiH91h8tI5lJHjm%2FgQjFG9B9%2BtcZbQhSy7jTCvb8Sq7FwJBQ7F5wM43qG0F92Nr2xku1e8YFs7OR%2FCr5xv98AIH8BCI%2FyNBg2SC5EKbZ1elJf4k%2B30K1TTCFyfXM8pC2v%2BCzkDHWiebIqN8zOc61UxIxLYn%2Fmz2PbUacOYiHoPF3Qhhom37kVRHSiq7a6lFD6L3aHHa9ABR8l3HBWgc%2Fu6%2FEzY7npCTrk%2BW1BfxbqN0aLsiA%2BdALWJ0MhwCECxSz%2BeUnMEyvBPcMujEcJAcR9aJmpYXwvOo7qfajyT5tJs
2024-12-01,宋亚轩吓关晓彤,综艺 112581,/l?e=6ad6Z9rJ2qI1G72UWexhf6gMbOdNaXhEzH1JByt%2BIE81zJvGA%2FTwTNDVslTuSfKrqkShNNQhFm%2FFcpvjzavrJKSCEYPP8BTZMjwWXpvldBUZh6HhQBH%2Bc%2FjjN9jEwnfye5b673T06cYBv13pebUk8KUb2E0r8jLhLHfQ9Fx0%2F6964LZ56L6iEE%2FsGEC7Fbyf42fDGCtHalEkpq3%2FfZNc4j3RBDSU2CGR9vwD6FWAmAY%2BuYymrpjIK9GTkM%2B1kvc9x%2FbySCGSt1JpIDosQE0
2024-12-01,王一博北京飞杭州,13.1万,/l?e=6d7dfm2A9UTkT46tTmDDowtMkj%2BPfpqhMZuLgjkT6aafLnupLJEoq8jbXxs4CbRCbp4u4BEYpORWxzH%2FFcpIRCswBL%2F%2BHNvdkfs3%2FXh7%2BPfwYKOMnR2nn0dI2enMOIgiy8SiHZkaZlBC%2FFaxr3xYRfk4SgNmZarEykG4wmLEdk2c8v8Y0fh75h8fzIjXvKM212e1wu3DFSZvCDrj7jvj4Jl%2BB%2BZ9QQKarjp0Kxe4QG9Rlq%2Fhg9A3EPoy5JzLZB5w5mBfKqfYN8oQmZUg8%2BUIWl0NWLZs2pjlR4%2FpYzc
2024-12-01,上海92平米的迷你法式小别墅,18.4万,/l?e=a02armGU1Qp8p4%2BtZ%2BUWoxzpd3Fik5PzWiSyJr6lVp3U3lckJfVU6mXSp7tJo5f0OGZ%2Bh3ja9GAWiyqP02ZdzPI%2BoOURO9z83UPcsxodSWq3BZlndPN26KtlNr4pYGG6rrmAcMiZIvHTom6FFpic0jfy6OoxBp5mo5cncGaHkrJaZ6JMPuvNNThST%2BbokjaZJl0SM%2B%2FpchIqkafSuvv4RnorAPtEOHQ0CRP%2FZRK2xctdU%2B%2FNz80HJvJrKDkNiEvHgdSXlmrrmYk%2Fy1xXwqWrmwpdZlSNHM3zbjJyMhMRiucgmi%2BLS0md60aa%2FaJ62LtyClb9Pfktev%2BcanYopL%2Bft0V0VM3Nivq54TFt4Z6mkIt4L0CjQdIqphMigw
2024-12-01,上海跑道偶遇MIKA,15.4万,/l?e=a804bxKT%2BQyAtmLS7cf%2FLcNo0YaMTzSqJOovUetwxvXoOQT1ZMQGLaFZlxcW%2Bz6NzOrq8NM40q9CMgXMCi9609fBCfNsIITKJ0%2FHPvYrTTcLahzRLSRXLgCvFDKK3HLSBgeEXK3w01ND%2Fl527umMx8HgWl8rqCSxXYDAs5J2BnckPjmo812dfOSVQYjECPE%2Bdq3ZUI49zrt66UohwrdbIlQUQb3hFvzkr845HMBspazPsHWAm2OvJptBdrJqnd1q9Pfk
2024-12-01,好运家今日开播,剧集 270682,/l?e=ef3bTnmcVR3mJXAlKHiVKyErCW810WWY2LH7UtHQ3zguwiAPFIjw54vYRe6Mue8bQdK%2BnggzRyRvr1Ivq9SrXQ%2BYj8SMSyy8tvhoZDw6ua3SKeZsUn8dPG5UHdwHZ%2FFTmfBeD%2Bf5putcUHdCX7Uf74SPocdD8Z6jCw6o86WECv9z76zcqsCMhD1eaw3WRgkvArz78Ws2Lte5LBVdg9qZuaVyOw7L0%2FNlHIQ89inUiy3ZmDOLMh9TiglLdHbM1%2Bnmw%2FcFvuJD%2FKP34nN%2BNy4
2024-12-01,赵丽颖无形情感化有形,20.7万,/l?e=3757LV2sFJsiDug2Es46ffJ5mXzJw4XXD0NA0rxJnrDnntVWyzMvyS0pEi0qXewjzpihnwq93vNbcv7pvk79YvLWQQzx7NQQyn3f3tXzA3E%2BbkIQ9YsaYyd91T5x5x0ltxoUi%2BUkzirflUMEb6BLwakIGWysGeP3MCMo59oU0kfCVpnFKX0pqZP6GJuNR%2BebLeJLHob7%2BsxOoZOFxuTlHvUQdP7N63dO%2BOUPJCzEBCbatpbzpwByMxdrfvagm4LgeEzUfo%2BP5%2FUjOIqW4RzPhcoafHmLpSMIUcv9pwK290roedAXpVWuuOtjRBkHF%2B0DMLLHgDMUqlgY%2Bl4
2024-12-01,治愈艾滋病的希望是否存在,10.6万,/l?e=9134RdVWe81fW8Skv2zPogqfXmxAMUj2iMlzVTjgAWvmpD%2Fwv8zyctNCMPfMiT7JSc7WEMIh%2FZ1LY8TfhelTMUdi91agutJ1AzBd%2B6Wt%2F8VjXRdmi9lYjg2JHvIJxuXrNEW8AXPCxIyQ8iQ%2BVHfaNLoQ0aIyYisDJYSyLzYwNOU%2FUzBVck0Dh3LhESJu%2F2AIMxbbamR0DD5bjoppNrB5zpJ4IJOyLm2IuU4Ho0Xcv6csLB4bTDi9MK1hkSOlZ0UeYIVv%2FS8pKAyIsjWIM8m1rua%2Bi4azmfiaI62K5N9Fl%2FQmT8sMYIS9tZowIruIYl4bV70D6zs7RXSx1Wb42vHRjsi3I%2FpUPeuwFBIOp8LM7TURRurbRQWuye8
2024-12-01,沙溢催生李晨,10.2万,/l?e=602ffiAl2cqLTdk8HLkjIqroAbJ6de4wwQppItCUSnDeykPyWbZrLk%2Bpmh%2F8Bjf1ZWXTvltgyGcY2Y5fQHmGpmc%2FcjS8HzHbh%2FgxfNBroJYq%2BPPE5oertN%2BI1a78Tq23srg00dFylXU3dB0hSuJACzW7LGk5nF8n7HILSW5JhIQ%2BqEH48bKlnzv5KFikePcKFhbW%2FDIbBf%2Bo7PVblM95SLjPFekLYKlA7GI1vB9BbPYW%2BZ5f2ZYz4NBvCwbEv1o
2024-12-01,人民网评胖东来彩礼事件,116.2万,/l?e=dcc85u1VUTh7gaotFXeOSRloibadxeVWSrbA82REVes5XSa4IKSg4RUJLUwe2dzrdJe85sU2ljtS3QXB1Fh9CIlCZlSyCrG%2BDbzfNdco6Qaf83DMxE%2BP7UMzYsP8j3DCm72fDca1AdiYxYeFZ5ZtSDKBpqLB3ITgsi9Z4MlJiS%2FDhh%2FIc7ceN0hL2WHPoFkms8V%2BWzvUiuvtovEahbOJH3JQnNtBXK06D9%2BKLPNWyKFhAV9PFLA%2BIsbeL6ypEeuwMt%2FyQaUUpiSjJ0yiM4XQExNt0TmALXtb1UxVZxiYtRvGdSr%2BQpsazic2XUT1Darjv3u%2FdnFYlWuL66f6yh%2BJGIHzqFq22xMFVgg
2024-12-01,上海一开发商为增加车位破环承重柱,196.4万阅读 | @每日经济新闻,/l?e=0537%2FzYzfH9ysxezUwVd9XYDbzOO47azaSULUP5MCrq8Fr4Cz09%2B3t6PurEy74ptFwvhekeQsNzBpNAFBqegJGTaUHzicomQ01KbxmyDkX0IqEighfF8%2BVoqoSQD7z1g8zEON3gZ0sZIy5Z1Nz%2FzGUSjp8Wft08T516hFO93AMBfD%2FOpr%2FsSCaEXc3okD8WUPvp8OpdQKYrAbesRcqquV%2FLRk81uR%2F1VtdywUgFopGuwIk%2FeHRzXpvT2BGgf4GiWb9xIh98spJl%2BMr4tlpTZRgp9DLVTP%2F88p1Xtbd8zLl%2BljPrD6ftCLgGyQ8vGyhGBtjw1ubJHoj3YHIEqu6DHymjNA326NGZ5jmIT6cmwkHQ6dPRgQ39zLE81qjYHPYIhBXkEdOrQ%2BQUfaRyhxqpIcfHy9b1%2Fu2zWYO%2BIoDb%2Fm8%2FGUxgbK6gAXfQMZqMw3Zj2OPIMnuY
2024-12-01,上海127元一荤三素的快餐,82.3万,/l?e=f769Qg%2FUhy7fdno%2BOqYdt3D5fap1WHmtE3hYgIJhq9urNyeaEZh5Xt0dvFWWJdyfA8yLcJfThJhWcx0hjVwGXNaiQnDeIWAMxkvnP7xJCLRppYsGVFm0H7yXtfeThGWsDObj8oj%2BjFBNQLRct5EDLK9KjHIf%2FBol3tvpQHxI9%2BHR5sGvNx22NkUKrOBpmmCq85lFX0LL1UJ2TPVsEkvTpFzDj%2BYNOKlTjmuP2k3O1hNu4W7ukFQZ5Bz8CXphCCNmM2M8D2ZGi%2FUVL%2Bk4%2FDOWEq4K2Hoyxq1iqO6VxH7gSMUwzHk1FYeSZt9s8%2BRh2KP5lml%2BANr%2B7OW93PFTy90
2024-12-01,婚内婚外把婚姻茧房拍出来了,剧集 114429,/l?e=1f6alcSv6U4mnsKl9LGq3%2BQZyEiA8d3d0AFFURZwprPfQMWRIjBZJA0J2v04aymCEAUycVqPIUlb4dQRMKYteoYkNkcbQV3Ujb83UFKX5N9dus9078Ldq%2B6iAtaMv4zr4TEO5%2BGqCn4x9OhckzoyHThnxaOIPzoe9JD%2BxGc%2Bh42xVCewMalDs%2FKLB%2BFY8gRzPvG7NqWPCEcd6JRhAwk83CTu5sXpI8j4g6h3AtLLC8KmVeTaC8m3cT8oQgf4VFK5snDfPcw4zN%2FCOHE16n320Z0i9mgeOW1HolPDiUD79MpUTrnN2peYVynJ6cezVoK7lvDFP8my7y%2B6eDt0KVC545itanaDCocugk4EmkKiSrTwmc5UuoVHre%2F%2B9FqlywI2L7k5DsZc%2Frg
2024-12-01,官方回应黑熊闯进村民家遭击杀,424.9万阅读 | @红星新闻,/l?e=461e6vsQKkv2E21tWqcQPwXBFkSAiBFuU0jBV4xQdWf6Y5c7cASRu9uBjFFTy6eRNfHgKb9lDkeq%2B%2FIMltUk62bvq5ZRIeonr8TsEKiMr3POsyoGX8LmgKOZOyJBpH4TQTf4QqH85Wf7yRW6Uv52pbrmxEZ3JreXNOgciFlvbmL9VSIHcQt2%2Bfg%2Bi3Wd%2FKIjNx8dKBT1FvocAsVnhyAjn1eoG6Z2V44BrOPI6K5PoSPrhM8IGhaAaTnrzZlkSYgUexhtqOBUrmfMRZoUH%2BX49n2z%2Bv0brQnArNeNyfasNVK9yVd5Dd50oye%2FWYNvY8wFPLqsaIxSK%2Bu64RDTCriFIDibXyoTcXU%2FXm0jiQusb1bRwhq10xMKy71uXiNZn9Com3v6jTHiMojcUq%2BSpR6XeS1aSElnZ%2BY
2024-12-01,医生科普如何降低艾滋病感染风险,230.1万阅读 | @四川观察,/l?e=bf74cjkG5A4nJkyMOnQTmdY3f2Ks4domkMvSAEPP%2BqlWVb%2BbPZRBMGAcXJdeNxOsiuljHBPqhorys%2BEDWiuq%2F1IF92hx%2F6LCeuLj0yUCahSmreEAQzLL6KArCm7WRtNjLZ2aAX9CeoNS5%2BqMVlGfnF3LotxjGUVMkvjrlt5In6qH3JUfYwN1uDyhG8sO1z%2BzdUVHSjnzH8L99LYpqOMfSpONAXc5eaDP7l7F2q4o00HUZGyiiQphrQKQON2i0t8O76XmtM3p9GOgssZ6PFIxjvoxuOKgbEacrZs28SmS311dHK9ghjAiXkJaZzvCTR%2B0AfWhEH0ZTQHPEpXxpSTKnhS1HhnsLqq9bDxvRnvTqDPEhZiTk95ilTo9NC4MF95LYNV4HNKQjP6S5F%2F2E6kmBtNVsRmA6BOY0M4hOyQP6fS5HHH3rkU
2024-12-01,国台办回应赖清德借机过境美国,443.3万阅读 | @人民日报,/l?e=7d4eDtOvnIM0%2FeejL9GsZ8c5xyYgXan7rt0vLckp31EXA8vM07HJC7MyXwXbzJaPjBm0s2NZDqwnCqrq%2BbpCO9aXxqbGZeQ4sQd6RtOM060JlRLmywGXt9FehPPSkdyQMV3JjYTTl03ZN3VqURYAejaJp%2BRh5RHVK%2BV4iKyvcGIQtMxOjjt6xy2QA5hOHIq7qqWE2%2FA90xWR%2BWoLgKIPGgOuyH47yrqN2KDL1GOODnkptLd8CKprTALoVGQhWBZ8iy7A7jFRHrDfmynGqLvRKzKjXT7NWDKBo55Qsb4mCh8jRPmuyMMN85oWDWfdmQuHjRB1EXcl%2BsrK6TKIzJM9rpJWV4nBeH3RhlmgJRe3pHbNVctx2eN6qCQDO05JYzrRZFEkLezg2yLl1Pwun2%2B3uxbGHaDExZQ
2024-12-01,王源再现十年前双手合十,21.2万,/l?e=9e29GJsgJesOPyu0iwXxucvphaBivoyJ28%2BYL5kY3%2FutNpFq3AAgVJUnfWvoNnxad5UOxR4aMiX47QNq0LaXr4Tk%2BKBI5ghotl%2FAn17yVXnpLplXTDdLYp89fdegpj%2BUmtUP8bBsoytG43JKh7b68uVgtQt4G7XdJC5rpMIcHYFtTd4YGE8SmTp0aEp8TjtGmSDTKNRAjdvDEUtczFCjdRTmx8E5In%2BuS3ETpuJrSLQnX7uN4HFMeIY4tAkY9Of97g5HnTRp%2BWBc8uiKa7%2FpjNpP9UUA8a2Vt6Uy9zbzOIoZZcbBg3skrwvSXRk%2BLeOLzgPurYOW%2BuyzzJXYTlx%2BIjQWvsXoXlAtSJM
2024-12-01,肖战对接否认接触攻玉,剧集 99906,/l?e=d9a410fA7SJKxj1EbwqbO1z1YCbqrqktCjFpC1cE6btb0RthowQggdlZLpyRZ5FkK0y8avxS%2FASHi6SLuH6irjQNWib1jy0ereMdEFps%2BxjcbewgA2Tyi%2FwaKDRsgdQkMpnAlO9M1rQMBANsEK0b5SCu%2F4AfxVy%2BkfBxwbuFr8X5l6rLpKTMtM3PJ48NOim3aVg1DwBc7otWaY1n9hWFWGpnafdUqDUYuyKdfBaI60MRUvIKBrlsi1%2BCiXW2yzJFd0in04WEtWSrUwbvjImUJgyNovfNaQ%2B97iIDLZr511CkGVPI2L%2FzpfI7Ktp9FgFZ3aslBZcz6bbPi3Y
2024-12-01,sheer叫板战马,10.0万,/l?e=5d7axn85vXe5HFvBSYsk3sSvYpAOLOgZ6q0Lwr0aQagZF1eIMViHgbF87jNwgyeafFte1aGREmstcOQSxzuLGDd3D91BvREKtEshu98Da%2FOTMThM5kq0XKZX2fmBnt7K8rFnVOvicvQAU8rgB5PPK5dwNNJOndBnivRZZibVdxI2hoPo38iMTUKot14dKkjrrJEgqZmZ04DrqMpZcWzlFLtpzmlTIQ
2024-12-01,就爱看王安宇哭,10.9万,/l?e=9803DwijjcNOTRTR1QAVn%2BqffYQ9i6AlUCRYUKsJfey%2FlsjvPN8yscIf9T7nKNXpXV3k2s%2FoivF5TdYYBDAuODhd4ix16wQ7vinWfu2TrP%2F58DLnz%2FUibR9Cv1AZtdjKzT%2FZpbPkcIwyu8vtxxR31duhk6n9XPykZil%2FnhfisGBasV04MO4660SGV3STI3vPTab%2F%2FgoU9gOpycIk8t5rMLMPP5QES7RJoch5IkWgVMu55IK8epjEaEWuNIFooE4GeocbjSCYdF2s%2B3F9gC8
2024-12-01,国考裸考,19.7万,/l?e=6f94M1XEi3wneNNASgZzSr5aOvDMZ69iqHez263r32IF%2BsfyXMeq9eHkW5LZs8fwt7Kwx7myiVXCEmFLzc1PpgRdkLtX2QaityxKibtWwVNdEqaHNJRst%2BOzXQVtlVXhWcwggxuUIaf8t6IiJ8gYobztWBKNnlo8Ego%2FU0QH9M3O6XDZLtqqMqk3Cn1oR8pmWIsITGdMPLjjCiw%2FDw9PZhE
2024-12-01,距离2025仅剩30天,322.0万阅读 | @新华社,/l?e=0d93B3kUjyXszDbpKz%2BMx1puC4qbi1GFe68kcrUivus7I6xYwRvspEJ8vF%2B8ig4yDDU6vNTrxacQbL99mkxh5Egendway%2FfblZOYN2jxmLdykxTC6Q3IYy5r56rgbGTYk%2FqAuphETSMb6c0Tsqdt1Qpjraf6CJOEa5PRehDGah9de5NVBLJ2fwZ7DTyS0smfzmxkoS5Pq3O%2BQ0dAUiicWa3ojD2px5Cn%2FEWsG016%2BYKF2W%2BRHYk
2024-12-01,自己吓自己,电影 116021,/l?e=5d94pzNOfbrGce6ocG1%2FQPJbaGNmzAoTox3xVioXU%2FFlFEn8%2BlJbVhkOyA%2Fvt8LWIYE7%2FokcDNbJEr1sg%2FeEz4UeyN8ACu3ZzzFbRO7M5gtmI9kOdrTP6OJLAhAfJDBHGRMx21RQfNpQpiifnfJnx%2FGaGmBbWxZMlXf219BDrqf2VQu1KnTtGn%2FA4iVoacUegfpWaCo3WE25VqP4Ad%2BGJ%2BQFCK5MiDJLTGZnmuw%2BE2s
2024-12-01,音乐节主办方宣布全面停止和周密合作,演出 114296,/l?e=943aTHy0FL5hoo2yxiJLtTt9pEh31PxC8qvY6znEH2y%2FJe9r6n2fX7ADYZa561esaIqSFNx6xhdZiIKWtW7feZeMDOBA1t1oAiqr0CoOdRnhbxFWf0oe49joA4oelsNVl1Oc0aMIGKIxSO9Ch4H0HxziXeM4kpDMubPyI8486PuqVsQ1O%2BtJqMnwgRse12hZubU52VamW6tzektp281Kl9vzfG7sZK7vvrWYW1AEJGXAkOK8U5mCjFrEvc0ljWzOyidyzBi8%2B7bfqpPO0fxRO%2FX2i%2B2cOLP8glIgv%2FSupBaUn5Js7stqrsfsG7qgAIP9qdBPgVMYEdR2B1KTfOFTsWfSwoM4d26CswgEJxfxYoICOhihh4%2BjhavU2fYpcR8wEwFH2Z6s1VmBStM5axoV52lAPNnqSNFdcJSgotpq0%2F3YySkNT5Q9wTmI%2FXqMhVeUVuvNFAcwShAg%2BnowkwK6Y3qdIug
2024-12-01,杨紫渐变高定纱裙,19.2万,/l?e=3de82Q3ECW7p4YNZPXScKgjBFDJygTvOU1gFU7i8kAsxNWmKlvzL0YXHzinaRT3FPK1UrzrYqVdDtKndGjRmWoUWKY0pNlmPu4gHrFewjjHAMXQVTcMvbvbG9lBlMDPZW2rc7R0%2Fi0NKZDbZL55J7mbm1dWGEbkRuOB12ZOmrnT4HZtoJhNZG6MtjsUTVmpxRC4MQX%2B8WNSUGk3OLuNEKK17O2%2FqM9HM22WNePYPxnysYSP5OSlC4Ds2xq%2ByPWs7KfJHmd8NvyKVS0pmq6EcRAOfsvuyWYNfx1FOM8o
2024-12-01,西安国资委要求幸福航空加速清理债务,480.7万阅读 | @潇湘晨报,/l?e=1ca4dtzYhZaGXtwacG9ttTy86avw9twHSMcFcudwTMAV0cu6bIaa5r3%2B%2FGb6lO4JG3lYcl16y608QI6c3PX3kLJTcMp7t1GB7VsB%2FqY8dPueMJ258JYhdlBJinyG%2FTbasHa4WPIa%2B%2BlrqcfVKO1gg%2F5phCd6oltt1tl1ww946KX7IDIopokoPTOaAhiviyoYxOYslQ6rWJutscrpALl1okWEFwBUn8OXnvWKyCjuLWfytL6%2FpkYHsrGeRDFU%2F6Pv7QFJO1mJKaMsfCKedwV6uGuEOCT%2F%2FtLFRtZ862c7acXFDYzTStcVcYZf4kB5oiV5fht4D2XfaecWrzKia32jBp2Q91txFQg8Qtgz%2FckaLw%2F6VvkzHliq8GbS6L%2BP%2BrvMTQysoNQ3Xs8I3rp%2FyorMJ6uhTdZjyBQnJjz9Z7%2BRT0TDjM62%2FPTeszPXdk%2FJ8xloMbjY5hjKzan2LhJ4KvTgOgsCmiA
2024-12-01,李行亮商演再次遭抵制,演出 823380,/l?e=5ed4V37b3A9lSQrZg6St8BhQs0epoHUipR2HeTilAI1PFEmqW00tVkpD3qWtgYQDadtWWy6HB%2F8vxKRWX8ne7SjYFyc%2BbySzmNKT%2BX0ZciSyJWS3wYI66AxXH4QcM6MH%2FhvYtZ8eC%2B10%2BU%2B5yBRapOE5CEtcLYyKl9HB1pnw6fwqR5%2F92uUFLoGbPQ7L4BZkGU2lvOq8iwzI8VxD1uUrd4sRdNlY5VK9pCAlQei3BhLliS02YqYH%2Fq4OYInF6aZbL6yl9EDvYorKXBk6zZG3IscRJ9ra1Xd%2FNl7p0%2BoWyPfOE07kkkFven4h1CevEaxZHWhYrtQCDYD8SJU
2024-12-01,吴佳怡连签两部女一号,11.0万,/l?e=29fb47ktDsJjF9AhFIFTJpWghoXjLZ7Xr0vz0ZXsIYT%2F1oabaCXl2%2BR8miFrsR5umOOxQGwU4v500G6ZoBnxfwiHgw6m%2B6fJZh2JNu7wqr8YHDzVkpX%2F38mPKp9wCz3jEvsKsYWKXmmeNifL4wKrF763cBzR7sy1kf0zjvNq2UjrsFiIw9hfSUH7hVlNlpiJxl1x60J0ecMFLOC9JFCiXu%2Bz2M9%2F3mhZzeT9ZE2FThKyIBFrWYVPOy%2BF5B2V9d3p%2BNVZFVUI4ohX6HSjLI9oo60gk%2B5S%2BxgZvE6dWOW3r1KX0a2NS%2BJc36C%2Fa26FWHpbpucNgTgxQtW%2FJkI
2024-12-01,王楚钦向王皓送上生日祝福,10.3万,/l?e=1b96Jyd3FqZfzDnIH4MpabX8FedNzL8LsQd93vilMwlFV7s3x4ys7NaDWFXcPfzcbaKXtcctxGHhL26ZijMY8wlovU6iPZJn6JIvd4ZjgjIrvc5lZQjHnTOg7P4egBDNvbd5RVosXpwDlyeYbeeLHSjCWttFcKp7WggYBHBE7JCQsPNfXSBQc1GcsbvPoPNZtBdw75%2FZmyQnDE1Qa1Yjli0%2BA21%2FYQtij9znqFwp%2B0H%2BNN6AIrCtDQYqQP6Zy4tCMQaZSAccyAs4tB2gqYBkKbglEmuF1imYqWZ1g7LDP%2BD%2B%2BQS3v2sPrkoOpqL8dM5jgoJ9uaoGexWkMu%2FQIjw%2FvU6p9T8zEsOI8oIFESaxz7V9cu6GnIa6Y9Y
2024-12-01,世界各地跑者齐聚上马,8.8万,/l?e=3ea4SD9QtAG6fuc7qxuGnncHmcVeoNT2n5oj1xXY3%2FkVDOz%2FTxVIVoTiq4%2FPM5u5mck4l%2BiIbYQsxJ95jZMzQL98jpc6Vuvkly8GccQFB9kf92PLIp%2FkprrxDgPKQRlhJpffBEt%2Bbib%2Bg9b4IbTkisqfAPiOvDJcQtR6odxLb42bEwlIMCEImamkm2cEWrNwWpdZV8wuyMltD%2FIRODApHdQWwn%2FGsJV9AzEmIeYUfE8Y50UI2%2BIkKYuRspyX3eMvmfCR8T8dRBiFQqYpv1k5lukgCSq77Vlpu0lAuEqjuzAtZy3uq2QFUQVy3CdoVSRm3m0iheAg4V7VUOc
2024-12-01,多地存在中小学生买卡牌乱象,12.1万,/l?e=b0edg40uQ%2FSZDSAC%2FEsmOmr6ZVL%2FIc72lhb4LBABZ2MV6TMfvhcobPU3FRal9XmK9gCphVZeWsha9pELDkWJhl17Bd5e1enU8rNnxc8AQF6ZyOKvN65vzyWJz32GHXVxiCbEoAcH%2FNrxZf3q9Vukdi%2B7R11yAhqfoyNFZuQjD2cMmZrL%2Bi%2FZpvVlwW2wWwLwT6jjbsAoyPsVE6YF%2FjNSCaZXxhsIPTuK4qLiV2PakxRP8gyi1JWa5qSmEZ5Een2C7HZPyfEjuwNEL%2BxhS%2FBsjiE%2Boxdk7EpCj2r8btI5JoltP2zTadSUjLhTd8WU2lzOI14zarL%2B%2Bj9weLFAVpC0cqzlOIfvBtICdLV5XtC7klL2zLdxr8avSlRmL9zNwTWAEi6JVFKezDc
2024-12-01,JDG官宣Sheer离队,19.9万,/l?e=2a71JwboDC7f8IPGotXIHb8F2Y5c3dUAlfm%2FwNAYo6eMCmLaCwQy19v%2BpEB3mygJCNNNxp6%2BQRr5gAQGmedZ1ve%2FsWcBIXN7Pexq8vseUMPlj%2FjJ%2FlfMpLja1XqKJS0Fj8dCE4rQkfRkK64pzxMu%2BCwQWfE4wUzhK4qGBuflbLDI6RIhQ3InYZnbcyy9enUxC3KfNuIIvua9rAd%2B5xppxuuctMJythYFEw
2024-12-01,王楚钦赛后谈混双男单区别,13.2万,/l?e=2de200cLeQeWUZSLGRvMeyfkkZi80HMe7oLnRGScyegiNWfrjivr2QihiRZygwNytdaAgCkNU7kQOjlZNvV%2BQkvFRVxOPFujtsvB9x3CIF9UjsYNflgKgFaC3XlE9QLej76fvH3xkfU2dkDJEC%2BOqSW64rZqLfyJngt87D4q512179%2FdN8LHV3SX7ibNGYt8hZuYEeI%2BZAoThboaUW7wcpPTxC68AMxoc9H%2FctQeqXAc0Wttfhf0z9G%2Bo8vk9B%2FgVwtOEEoOawz5rbzYAmo302uiRZwAEAhjcUx5m6f9Z4SAIbsbnHgJN10as88AdH8hqGhrHmGobKQbXUbUm406LMMQSkdyDFl87tVn9%2BKfM%2B3q8FFk1gYj55c
2024-12-01,章宇居然四十二岁了,9.6万,/l?e=f471rE%2FGAlMRilJR03BarnTWMYxD5rIv3KBH5ZiR42JboSmk59pXS2MmTQyuyjlf5Lf150Gq74X4VPPuWmNG8CsrXUzQfFmxPwJ0yrqKIO9hDlkMRRrNiorlQwHohRchMU6UlJOkL8NfozSxYnWti%2Fl7ugH40HUTKskZk83%2B6qCJ6WPAzSoF%2FsHu1I0yuUoes5sFujvMicvaMMlBI3PcGOq5eub8HX8vFbdeiC%2FSlOor8V8BWcu13bSvkmlIJmwgh9XsQLkp2ifTDZpCl9wg4Qg8lmC2%2BKVkK%2FTxrcu5xGY1LlE8eH%2BBnwrjV4Q
2024-12-01,小学生收到警察小熊高冷状态秒破功,414.5万阅读 | @央视新闻,/l?e=2698L2SDwWW0u1aL39tXPsTbyLAQAYsuoGEPPlkb558uV7Ps42g%2BDnKrq03eOyDyZjilxjIqbfwWE3OJOJJtPdoorgsTIFzzTJmgDLSvQNPxEMFAzeweUSmftaGgi%2FBwD5SoRv9o%2BCTilUP3jeS%2BBLzLyswgywwHZdCJByWMK5MqD1hKm0zCBIZngACh%2FeHyJ3WPFKkzGlr1IdRX5Bqsb7jOr3m5Y85sAXBx4Iy1W7J2jnqLjGZaxKYH%2FjpB9QkR%2BWSXZK8YqRs9D5w%2B9w9G%2F%2BpY59ApJjabP9uXwk4eQueffUoJTSFqdRdp45cymrwg2CjJj61VZGdbwYiN6WD38BZasaBY%2FGVps2uSKyH1lOolbAb%2B8aTqsC3L8jy0W%2Bpyfc2wLp5jyC85z%2F%2BhKt23jz0lIxZtl1Wn9wCPoD6NRaaceIQK1A7bG0FNFaHFE8k597%2Bw1FA
2024-12-01,向佐女装撞脸张予曦,23.5万,/l?e=91978WWfiAQn1E%2FrS6hccmwtR5jaB2uECrzlSM5BjevmWIVkBOXHQKgga71oWqOQCBWGlfhSFjd1kBJ62uqqi%2Ft7ysr3qsGDxZUagd49GuD7eX19m38iSgmr8D2Xiv%2BKgsDknt83o2ab%2B7lF9KFIm5P7jKiEXQzzvJnQs66gV7gVeJJ0bsqUXlDYGIJu0C2Z6klr6zeIxkLwmPEgx8Twi9RIko67DMSwR1nbCFKE9ue1Ia%2BmQwJP%2FT0giYWrmCOtcgS760fLHCj4RIcrMIDwyS8IQ9xUWfIh%2BKY0igiG73WMwu%2F3xE9kk0w8UcM
2024-12-01,迟亦骁疑怼周密,15.0万,/l?e=8554uC%2Bhg8vTvkNEknrw2V5fYELFkwgY4b1ZGhDyvPgW%2BW8Mdy1Pjz4iG7n6R0Y6ae5N%2FgJ4G8R%2BFKtwWnYZ%2FQ%2FU2cYPUNpXjKAeeMQwaoD2vS44b7HAgg%2Bvo5uui3XYd%2BPSLaDwmavsLDpqjyFoifjSTT6UACYhjUft502FI8dG1RrwfZOvycW8N1N%2BLTPP%2BCgLseBA3UhLUbd1uxJTvC%2FrD%2Bvv7mf3tDdnj8drdZtij7MkA9vEvLg4SEsctQjzBtJSq3tRKdJVdMWqqyM
2024-12-01,蜜雪冰城代言人,25.6万,/l?e=6c39rja9V6zi2PiKNGtIt7gMe48Z7uxulk2lxLqJDF8%2FiNQFemXDk%2Fxx%2BOxglR52OZPcJ23n%2FRcaNG2msHOYwh4zCNs3t9mBmjYg3zx8V0ztAgEf7dqnsYFVI1NTbfxcgpdG9Ygs1cLVNfPymSUOfAgmVBI9%2FEXAnQE8ORmjkLNH3nbfsWJMjO8wV9zzXju2uXi5rzx728YjueMTCjm%2F%2BMGqsB0zXwCXxwOdJSLHsO4m9rBp7jGeNIZTTpHJDYv5HHewYXuXvFuwl86BNLQ
2024-12-01,突然就明白了什么是情感漠视,9.7万,/l?e=598chUXAhGqIi91Uli9D4Zi7K%2BFw1x9maTWCO1SPNfV8n5aZHMArahQfmr4eTddCNDLGN3j7c4adAIlnJpzoBrQa76YyJT3Z3RFLxC%2FVSwzCETjBzEr1P%2F7xJiWgrChIvhz1ji5CjGJzAJz8XYk7lYPsi9ooVzhOIpXMVry8Lda9sce9UQ2Jv%2FDNvHuwFagsSiDpy9mLrnjMn02b9woSOau2rs%2B8mHLaZJt1PterP6X2GIuh0JL81S3F1YNM46WME11iI8ggtFkOH91u8XbeOSpHZNf0AdRjhVaHwYBSAUlsVGO%2BDQxbSXA37KrF27AZsr5bybQEo0OkcVvf5KnxTvSrUpTbt%2F0EfLYEHkxvIPSASEJK%2BIq2fX5RB0v5jwXhJZJP2AfOPUs
2024-12-01,信阳开套牌车打人副镇长被拘留罚款,399.4万阅读 | @南方都市报,/l?e=2073jZ3eRPuyv4i7F190bn7sw%2FOjUIvlK4Xz%2FKrqe%2FCCVWMHW%2B1KRvu%2Fr%2BRn39QWMJwXMLWfQMen4GfECcora1Fzi1ti5V1NqiharkbPjel01DiG3tvAmMAFZZmFdPKWbQCTqJKdDTWGDXdUr%2FQGzSAyFAJvdaynYmCbNCYaFqAz6uAZBmT%2BJGMQg9PUgg83qywr%2BQWCViRXVrb9ON8BP4%2BgI2OMoSz%2FLNyHf%2Bpx7pcpIsAhiTngy29yF2Sj%2FA7e9gm5Y2kgV689P%2BX693tcKyEAPp48QsVHnho6o1xvjM%2BFat7k9JMpXX1VgcdHRsP5VqL9Xl%2F42nZk4UfEU38%2Bxe3ST9pNvec2SVl8ij%2FfXSr0Auo4Lu14tqwWZbrRNBrA%2FsSII3DIrONSxM7OkJDrxJLgPJK%2FY1ZfRXovCOIP4Oe1IZt%2BSLlKTSfIZwRmmt2gOzXG1xA
2024-12-01,国考 罚球双脚可以离地,10.5万,/l?e=bff1IviN9G1VIF9Bm6SCCa%2FSNO7%2FAonsm1tRQINrv9V6%2Fsm%2Fy%2FLE8ZBLQ9aDjByAzgD4ZP%2BM6jwRmmmEH9LX6vrevRmnh3V%2FeLIkBA4WlkWnzaA7k2K5ZIQR5hadEBILZr5yE0L9zoY7tofTwuwqHZyeDUNAKRCE3oTYH44fu2R98BnAEXhfKB9UxiRZkL%2BYknKwuF94wudsz4PC2uWNq0h2g0CQC4thddd5%2FM8CP2rw8GfKaaIgKrPkbvlcWvUUrkIDW1UVgOnhtGg9t%2Fa%2BIWcbgoZSxgzh69QoRHPFuEysTYpKIlJi7%2B9Uv7fbna7IPQeX7oqnlZ9OLFF4siM
2024-12-01,俄方回应泽连斯基开出的停火条件,10.8万,/l?e=0b385rdB%2BwqfMbk2dxDucNrnJvb2myposK6yhnvJuSlMSYopLEvmUfG%2B912ix%2BgOT%2FvP1FoidHSm6jRFjo08PvM4GkjewjA2MwMERWDN4H4avz77KKm9D%2Fmw0EXWcBWH2%2FnhgioYdOORCDNsO30cXe079WK4pEFoBTAfg8uBYC2CoZw5CK8Oyz5TPGjR%2Fu4sg%2F6T6RDjYOs719rFFZ4nO3qFi9UKTNUT2Xp8T%2BCjRAidv9my%2BYT8PVEvgr1RP1u0Eg8aFcYOxZTrPqMRXgdrg6ysfATHiSQa%2FkuCu6hRdiBW%2B7srhqjoUcEEDmV2ZeAc78dj5SqRxFizcrTKPqSxeKfoYV%2Fanx8q%2BAI7wMh7Sk5WBtDOY9GqqQCAjhTh9ZyfNXX2IzfhjaQHT9MMp8fmBEjDGmE5ZnB%2FIwj9XdCwNAGUnyuT6No
2024-12-01,酸辣粉里是什么粉,11.4万,/l?e=47929D99Wxrx93qQvCfkDn3J6mTlhA08qKppFhBW6568lZfxfhCZ03He8LpYrFORPDCXY08LU5WwA16UWKMMEJZt8pUcSStLGGX%2BzCg2HquiOqTRtWekAMVTPa6%2BZXP%2F5Ty4buKehwAptT4wfk6N1Wz%2FvvigXo7B2X1zWhZwGgl2nJdySBJnz6OgWfEKrgIdy3S1uaNU86OE%2FQdE0wYjRq%2B%2B8VYyrXyQd9JCLBpNw%2Bk2kEnfCJfb6QSRaReHleXa8nqqDBmDEltiMYP0SgJrRugEuVfSZDiQfEp1A8I
2024-12-01,天价药诺西那生钠入医保降价95%,329.8万阅读 | @央视新闻调查,/l?e=7a27bDoM%2Bm3AciDynPHwkE9bIzqOC%2BS8a3cji8cCJ6fH6v%2BHl2zlKoOUwiBkRryG5id3Iz1th4yC0bw%2FHxGJY5%2FGvQ%2FgU7I4J%2FwN1LQDWLn7WM4VsL1TmuqxpBsUJZa9E0ryX29u19lU07YZUjBGCJeuArhV7YzhqTHMFFXY4zM0qePBpSCkNv8%2BMEtt%2FQWe2a1kqV4Rz4RGQvEPg01b4ljKsrERw%2BEiPWOYfhfdK%2Fl3qSY8aVPXErpG1b9AeCWbpNgMRL24vLU192VmFzdUu%2Fz2AH29Bk1RQicgYll4Bm5et80MLSsFg86F7vGZYe2%2FS1Uc%2Bm%2Byi4ouZvhyIX8%2FvvQX8S%2F%2BuSXJ5UYiUklhIqFQtb%2BYpVXkhx8Orqp9WG0sHwjU1nxk6qErD73aig0F
2024-12-01,人到中年只有住院才有机会放空自己,374.7万阅读 | @三联生活周刊,/l?e=ef50SxlgAM7wZVzeL7dVgiFSnJfvafouz2312C%2BU9ACzS2xdPth41RRy20OKblVVIbrH0hoMZHCdbccMlbJBkbwcTXpQZ4e5whPD4T1hpPL0Fn0jQpgIxo559M7YeG5a3c6sVugV98aZf0O7Fj3GGh0KCH4fMae7guc%2FeyN7oFfxWHf%2B02gp67V4kWnyLw5X8Mw71B%2FiegafX2h6D9Ux3VTXU6clI%2Fbzn%2B%2B6Oi4sDaW256BQBAEfIlEf5VpKrbF5QCDF9fbpauBvFTJmFqGeC5rVj89wSEdyXG7OzRYVl9iDkyZfvWx98%2B5WC%2FUduB2tud2W9oFK5jdaajWu%2B7ODxz5hu%2F4zgwEcFFCeXWNq5CGl2I%2FzPN%2FH1kWO1si8JJYK3DPPrUBdaSZrTrB%2BjzvNloqr749rUt2BUhFjpX9QjrpFE8rH87i4x4ssZWH5Tzfq6v2v2pk
2024-12-01,周芯竹官宣新综艺,综艺 116181,/l?e=1472b3W6HC2UCi%2BLaK%2F3BsycXVpYsxLWajpUwHoZACxVwCaGRq39rwsy%2BLNc5xrpVNFhRioL4NSIoRLWd%2Bawa%2FpURtY2ZVHWEONKnBQAuvQ2xPxJ1%2B%2BEJ0XwABAPPwDiyvNVL0pA6qt5PC7YQ3%2FZfal6%2FNLldiPButWrXwSN7b%2Fs5wvi8MwXY6i4BY21MAMb2Kn9xdEJIdVa5Lxh7s8mfh3bVQB7VvXRpjJ0uU6YhJqcnonfbVBdYb2X6R2r8ApS%2FFfAp4rRSlhQ8SagwXYq09FWqBxZKcwPZMWf0e4
2024-12-01,华晨宇蹦丢了一个31万的耳钉,演出 348067,/l?e=259d%2BFvsp46xB4DU07b06mxLXJ%2FsqxFpaSGmA%2FPqzQ6oVmhw%2BHqQ6W%2FbAb8QKDjBMDeNLOiQm06WPgtTKCh08tgji%2F6fnktR7pdynqDjABYqkow5CsJGsh%2FDvqIe03QgRsvli8Pugq%2FQKQKCeGMrqBR5JzTt4Xceip9AqS3w%2Bw2C4xYXNV5STNAAFJIaRmJM16n7ip3BX%2B%2BihOci4gAIhiZOkrhDN7ZpLN2t4w1kyMWmCizTHTxUv2W2AruIZlbAsU%2FCBn66XZsUHjKPRFYt1TKaaUePeFuCB8HUAHS2HgD7ZNZY40nZT2IqiNa4bhE1%2F22FA9epVB8TY%2Fioh0AmkuGRoBLcToBu6M8uPBWGaE0juG3xUwH85SkFNQ
2024-12-01,何超莲气质黑天鹅造型,9.7万,/l?e=fe83TOJyc6gsmmdSjX5U1lqCR06MWm%2B7REwfTEhDZ73n7%2B5GhMPW7ec3cglOLxLC8VYysDt4HwuYeUKjLgmp%2FPsy%2BfU0VSS2u0RZPjVHQq5uM%2FcdIzPSJ1j0qeLaTZplHovdSYmsth2zssIDnOR5JwSK7VufLTdKpwZA9neDEc90BEAxT58Sm23BDiVtEIeqjNiy%2BzROXTBJ4ZfLAA4kJxTQUr3DsHUnNBdoqs7gf%2F6%2BgXGNB1JXyd0EeSx5PT1cv07WyZNsEsGOrOrwgX5SktbjcKWZxeZ0HRTKhNgpIb%2BrarPOUEiliV%2BsbAcn2Avv4ue8tpZyVnQtgq0
2024-12-01,申论素材,15.0万,/l?e=7fbdYNoYqiWcWVl5rukDXr%2FenWy2F%2FKHvaObVSBpQnqv%2FTwd7bCnlXJkH7jw2vPzWJ3xGgw5FBdnvCy%2FsfPuinLDTmw6YFt14qPmIdw6yFU5lpn04cv%2FrjGHvnQfUN%2Ba%2BYQmIElfW79Ueunw4F%2FSN%2BGlnGuS4McJc261su5XWTY7IaZTzWMfexVJEW0drk6jsIPzkwEUPTDReXOauDemlEc
2024-12-01,国家大剧院,演出 108931,/l?e=5893tyEEvY6ISkcPF8ZDJgu%2Bj%2FPiehadr1vG8FUvTA2plvjx%2BgpXfwHXu46r5Kzcgcg7snVlNXsZF5Xoz4KIAhw2vjEtTXsTSt%2BYnkmdnqu8IVCUg7Dy0Op2t8zRsMUfJBnj00HAG3fELoS2vVcawXjL4fnX2WF4v%2F3bvAcCES2dSaGiGWbCZHXlr2WWJ%2BKyy478Ia%2BDwXbQFyFb0%2FkiZ4q%2Fo55H7JUrhab210UcOug
2024-12-01,虞书欣二专预告,音乐 103404,/l?e=a25eUR%2BcJwprL4LXsYB0kwf7ibihxbdFzzv3iYpiYCsUzD%2FX7wtF8V%2FF30jBkcybVBmjDkz%2BIFRNem228Xo%2FGn%2BJa66C%2FtqYBrXVASJFF9ga%2BxAddrZZAIwfNCoUnnl7h5PEgGPIOr0kMVUqJUKYsQX1xM9en18cX%2FZvXwAtOQgMC8myY5l4mKlryM27Z%2Fl%2FMw%2B1a17Ea6PZBXy5i5xr65cMfjmk95l6Ca3cLnBggzlNQrLtY4mz%2FX1ZMEduq1bfq1ueBPvJUzsGkkrtMdM
2024-12-01,尾号6个8手机靓号法拍42.4万成交,9.3万,/l?e=beb94l3V49kIsfdDSeH%2Fq%2Bclc%2Bqi0Ac6dbPlEWouu2a7STjN9glWVcJeoKSVOBWNBlHYyuN%2B1GGPD5jGkmTZl%2FwYOW7BKMe4ZmLyUFNGJmZ%2F9QsE5wt15PgOjCIbXMlipfNbhCwtYsoyZ4a2k2%2FsDl3QpvN%2BLMXRfPGY9N6lh3EAa%2F5XQ0BQm2Hd5NP1ln0Jjk%2FuIKItrCAcVJyb5UH6vI89487cJOKlSSoOeYpLbrwZy3m08pLYHrerkMohhAWohIoJAj9ba3Asr0uTrAhhnyeXW2dxDnJhTIIjfD1YkZEqpO9WwGAozMUpBGeGOZ3uZjQuFSdfPjjzdMPjchAyHqht%2Bscilsl4iP5v51gBYm2U%2BYVQUpQZkYuZEjGzkoI
2024-12-01,张凌赫港风狼尾,9.1万,/l?e=48eaaXla7B2zK2wSrmgl1gVjrt9533AgAxLa69MdY5tIJC7fkZsrstFZ%2FIh8F8CJQQo2LAckjNPRw2eAfX8DJRtV7lt8imdxCt007VcYTyj05C0tK4NinUFmCm6L%2B6eMt3VCMais0si3hmXqNej77ZyUW2oFapl9kV8nIanQzWI8237u80sfXmnNq94xC0qmwBszL5RA6shXaq9DH3z6is1BKjNMNhmzuhskqmUNhWwtEpg9iyPDwG%2BS%2BUiU19kXtpRwD5K9Wf47d%2FQypIc
2024-12-01,疑似12月对我重拳出击,13.9万,/l?e=3febNkzn2U3TTLIb9%2BKQfP8nmI1e%2BgI%2FqCW6r7K737BLktA0hgEJeuJjFLj6DULYBfNTKv7J5bJn3S5abfdB63HhMqloh04u3xA775rVtyJWkc3Hb9rqohLaekg1n9CvtLcQB9nPXVvGbD9X08oqyQLIcH3OvhqxA1pZoBouDGhy6nQ3A2msRp7OSzUIZGTSi0A%2FNwnk0ztfRMULd92dbLG%2Bk0L08c0tNlLQ0ukxG%2F9xP9Xy8dAJrAjfb%2BYR3lAu2vipa%2BvSXvYR8vmGCFdaUDFtGHeKe3FO6bPMEO3DUJuLdoyNzYMFQdHZOTWl4g
2024-12-01,央视频,11.2万,/l?e=d4f7mzAw3cDPbCi%2BBRxIs0TPwS39V0QrHi5miKV5cGGl%2BufXQw4b8vyCU3rBEFY0wu2iJwOBtaWKY%2FVbCq%2BAp8pnNObYiuUo6yOeNSWhF8EAcv85oby12D5uzB90X8rA083K1R7be%2FTmFLL3hogWC4ec5bIjn0029xyJfE9fSkbyMn5e1CvGbRXBLZLCMEuXqNA
2024-12-01,全球四分之一艾滋病患者无法获得治疗,794.6万阅读 | @每日经济新闻,/l?e=2cf4Lo53DMD56L%2B7xMgyyJC4hX9Fvn5UEkNzOBQpAPwLbenxn7sFoo26%2FwaOQwrFgO1cD8heuJ9zB3dtQ6cFuaJUw9T%2Fm0T5xx1TfXNviR0JfIZwlFeQYX2Ncflt92JwlZeDWLY25PGk9ry6eOtXSOYVMAzXLb27YyOyWJzv2Dws12MOuEGRWag%2FO%2BEjHbI70PGm3Ulx2DAREn2mwBPGtpg0da%2F0SbNwzfkLQe9EKa%2B04U7BeGl05P0z11Ht%2F7U0b57iCi7TO8OL2VI%2Bs%2FXDYK0Nt%2BoRwxef6aqdRMI8ug3kNIpbUzfRe2cdT0%2FHkiAo2PhxaKvYJnkvX039KOYfQJ4G3qcdH6myC2JTp5MKnxMudvCsVQ2fIWOY9OT%2F%2Bqlwmiu6jkREO9bpBDMqsyAQWGoy%2BqW4Fei8SKqDnw6OySCSDf%2BtIUTIXAHvbX6PGJ1R7itq%2BABiFCB237H%2BqZ3bpI8CQmk
2024-12-01,小花又开始写心经了,19.2万,/l?e=e53eb3%2FOSBLuzo3DQIxOGQaFekYljUyBHAcR7mWaRFAgF763PCF%2FLo9Cf2eOnnqBlxowSRWRbBo%2BvXRpnAokXizdKl6oiFjayTMMhfVKdmeFwFydNbvQQzXVgcCxROTqeNRJyww0De4A41daMRQwGW%2BqjZBHHFYcnNxdNabE%2FkSXw8S%2Fcl5ZIPqwaUd6eXA3cGbGyW4aHklgp3az7iXjyCgxDKHC7yjk%2Ba9d%2BAJDedmvgn0%2BJnb6lNQLNLkKdPFysEmyT30iyzd8Er7juJs4yX7ZPmiHI6mRtljBtgFd3RPHRVK03ajQfKHFliU
2024-12-01,智界新S7开启全国大规模交付,12.8万,/l?e=97dcVPatBjgzRBjrR83v9Mr00s5TB5gn4iNvW4XMXKB35rqIfTDwk3dqnQz7MrXRu6DL1ujXBXgLNKSb%2Fn1HDnfGsnHZNgYsttOEjH9xYGWsYpXfFstOGyOpr66ikG%2FN1eGazpno2IlXtnm44ujYgsdOayqMn6cJWXUjeouHPkULN3az%2F9UwKh3Hbjxt%2BPI%2Bi12U8gr0jfbbcEp3XuPLufWZk%2FAySiZy0EzAC5YA2VAEh85T2H2zS4%2BiboqLAAn047I5u9aVHxUmVrNj1Cvd6qqKrXV84PuFc7ZG56KgCtpg4mjhz6iM%2Ful7iQKK3yuhED7hxOvGo78PTKHjt7Fr10EzrqlorkCoO%2FtRH8C32MB0BpU1J977dKi1nw
2024-12-01,花生十三来了都得掉层花生皮,10.4万,/l?e=3600MEd4IVmxz2xVymoJQyi8VPmVB8W6Ka%2FRxr%2FNPCrZoenXe4k3Rlvu%2B2drNO24AyFnKVZThZox8P9aMZKgigOJv1eaFb2QRUepaYnbB5WJjBoxQ0kzfRC9cVVD7AN4hMlBLDLqhs5RsCBILLCuLDHhU1zdu44YiX%2BUmyRe5EBkfjAiM9Kr5f6vlIZxVf0OA58nRWzK6RJvnq6qJDWHnSsRYVaJBmg1Ny1vrw1YFnnY7OvyqZWaWcUl1AgoddxhTVH6LOR8fDIjwxB2Iy97KmED7sfqStUmP7Hp7uuIgIp8ZAICln82ljCtg7r%2BvGQkD9YerV1gQ3ZrxtHn1pULfFRecOnZb%2BmJdL%2Bgdn2Sa%2FucFZ%2FjE6cG%2FcHMb7Z6YTM4EYwaH91HbOk
2024-12-01,马嘉祺 音乐剧,演出 100319,/l?e=053boie5xHOlaVnGDPkkYEix4R3OcNK3QPji2xLg5S%2FslecCpr1o5uXBGmiRFUP%2Fx1XqzczAUEzQWlAYss%2FmryJbkUR7rOwbfTLPikA5EPUSBXNrG2yxuBIus2BOGH%2FGf7V%2F9xSIoGn%2BlZzdn98aZCMkWnKyqens7r%2BwduBbGAIo38Zxb9dWk02nSnDK87fnQlVPFW5DZG37Y7XpVMWXHw6FpPDi%2F8rnalhk65aw957rExsDQhgXiVHjaYQ6k5VR78w
2024-12-01,国乒回应混团开门红,20.1万,/l?e=08fdKUZA4a5iOupfipDdkEiISuLXLooOfcMlKNLhMP6QTGZ8fAjTO1KeL2Z0vbfN6bvfBHv0Yv9hMB2sCPthMQOKdRyPs4iommSp3x942d52N1ADMWQ1WHK6DJCzTBinh9OrQlCQF8Ai1IwYTzODk6s07Lqa7%2BCs2Ibhc7t5Y3hg%2BwzwYG1HVLzLthgLVg8mlKe2y10tzrsWPExZC4yRYelE3zDPmSZBLjts81NpVbbL7LcEmhABej7EtBZZsmCE8d0FuBmCAqlAYS2qzJwkYmb3%2FY%2FF85%2Ffh%2FQU8kDh1XxoDVd3rIU15cVytrw
2024-12-01,白鹿踩茶饼体重不够,综艺 108904,/l?e=eea45FV%2F5gp2Ls4LiazKDfbMFE2cjjyTlgiGpBolHC6Dp5G0nrow2BVahMockydrUPwpiVlCFFR1x1mMGWPSg12GRX4HrOWl47e0nmdVkvT0y37GplIiu82DOkwq0PZpeezpp8YxCIRYaXisQ4%2BQlsYl%2FNgU9rlKUvVID%2BOm61L6zh%2Bs2CWNaH9t5BoYXB5DqoqKceUrBAqTqvGXqod55qPNnF3cYo%2BVK86xB99i7gH2VXa2T8ChM%2F9hdMiYEu1b6%2FlVdNwCcDdHLHWyAENmHJ8c0vStSOSHbuYorVK6qnnszLCOf0vAA0%2FHahQ
2024-12-01,游戏装备也能被法院强制执行,1172.2万阅读 | @潇湘晨报,/l?e=3f2cp2NUiXaXnQ2AkavJPrLITDEKkRbePHSje%2F5I2b7j1fvo1CuUtRbmuBywplCdqP181RD4mPNh0fJJXnSzaINQKD6PjKQvrZ7yyEPfr358xJzNyQDEA7Vz%2BlSTUZ%2FG8%2Fu4gp%2BlTzBCF6UwZC3BirVzmJBkwn6bj0sO6MWCyMhg6SxoEbbCofZ4zy1RzzJmOjpmaUcUyMR3Q8r%2F2t2v%2B6Rh8B%2FQLckhZnmNoo8vEK2Seq0sVWuDb6N%2Bv2NdP2F1vyiMuVJpkb7uOaYXOUUAXFf9pGpkOzbCGAwkSes2yPWDozBAGt64AgUJ%2F2heM27iwxITkSH6y%2FP5G3PMniySxpxhvDlQnyzGaTtR0lnI6Jr3BW4PjFqO9LFmO0BBnAManmw7rZtUen8
2024-12-01,朱志鑫兑现直播承诺,19.1万,/l?e=40fdsL%2FB8ZbYiObFB3VXlhmtY15UUDCgZcbV36RmGxsNuPiwQK%2Bzd3ki8%2BKI6Dsy9OwB5hH6YyAbB5eQOBNKArwXKNCLFeOtHz%2F6qMaYM%2BeBaWdZiaGKSfC8uQ0Mj4Cu1a3qCk0eaAlsqZQF%2FIPTeJ%2Fh%2Bi00lC24RQQV2d6FJJxYXs0ANdEh7LZ%2BxDyg6%2BcSPjKM5tN7EKfwMeHS1EVZV3rIMGWGUd0W9j59BCe4NwQUXMxf3IeRhSo5gZw9NVO1UCq69LmPhc14U8ALsJ7DeNYpFyouiHNKwk2K8kxcM5gkihKmvH1n2CuVXDc
