排序,标题,热度,链接
1.,扎根中国大地赓续中华文脉厚植学术根基,,/l?e=bfb65kwxf7u4%2BxMJdJzoQJMPp8D%2FCnHnZOcgTyxDV9GI7oWjyhTfQjfNX3JWyQk3y6rgCm8w8Xlp3gLe92fUiJvpQ9i60%2FH5j3GzSZ4rABjpSIxT%2Btu%2BF%2FKS1ObX%2FOXHjN767BFGu%2BDoqqGWqI4C3uqf3VqVMfGVj4Z5SSCAAdlSS5x0jfvLIvWYVsSyJyQ2ykRw3KHzli9qcpTVnS3NxOVvl0MryVRs34zj7CJnGbCqoiOjjuH2Si7YRIl5ajcxhtZjxKeaRhmCS4iplF0lIHTJTJXN7nV1nfr0nkxMMaFXQp2JYQym0jRrnxhuOLCGkcuivvYESzYlFe5eHkXCkqe7amlXF8DhFFpXQI%2Ff9m3pFkReH6PGrrbpDYxs9Sa%2BnAmBhmygGR%2B7PmYraQNLJrHfH7gwRV6UI5Srw4PbBHZUKNcZP2lXpVz3OdRHrdzpLbibq%2B0Fx0qMSp%2FvqF7l6VIZy9YOOiY7iiHn%2FXxnGLITq%2BPg
2.,外交部回应优衣库不用新疆棉,290.5万,/l?e=c29f21Z%2BTEtoy2JyFLtZB44kLQmP7zUdcLe9jVzIMsTzJqbhCZBOfYDnixglwEH%2FEgXhvqFvXRiHIlGx5GBXnL8avsBI0RtSHvn6W34QSnif2L6s9maOSLgRLMguUapME3Muo8vVTyDtOrPxeIQinvA6Em64H2tWiXf9%2FKSKAxHT0c%2F9LtKPGlqFONfKBcbjT6zG7PZtH1BozXslgSGci72H1hl10iPITy0KziZ4q0o8EevZY4zQMcTleuC6azRcHoL%2BS0kK%2FcPMHMgsIoBIKIgazsY008JPmw%2BKV2FJYzZrhI3SdgptiSzXsHFSyMWqdNZcXCjshG0ft0R%2F63PX87szyAnaY8sk8jN%2B9TiK8%2FhJnukZqFOVg6aZGAbSxcX5q%2FV%2BJ55tFGrz
3.,安以轩老公被判处13年有期徒刑,153.6万,/l?e=95862WZ47nHYU3o%2BPCDKe%2F%2FlPMDPhbfF4Ycims0kIujNCtGDfIf6qPXcRlKO4M%2FsA1KWWV9B4W2BxgsmulmHLkEUsKLWu5ue%2BrFgPh4bKiHltuHb7Awyc%2BrE%2FVVyueGw3sfqMJZhud06BBbJkjUyqI61tJ8bjq1dtAzoZhxSHtPh80sFsJwfmmm5DNC7Nk7ZOzFIaAmbjyH04zzvYeBf1Jnz8r1YooTjttBXOiulRJfk9f%2FNJ4Y8xYBjgDK1gxD6W8GjXAZ7ZE83%2BWFK5znxvC53%2Fj7mxio7IO7CK0zu9kIzLjgFjR%2BQaejalA8sh%2BOdahokIqziLe3nRYskl%2Fr4yNJ5J2HaLGnl7dvUx7NEmQmbFnQY1rYlhOnkUYFh89iljVJk%2B1cB6R7X7rI
4.,第11批志愿军烈士安葬祭文,100.7万,/l?e=ff2ds%2BCxb%2BQ2KPABFbqKkM7kzEbAt148n%2F1P6JpVFF9ekvb9PmxRhxlviJTnyikDkTnKNgXNgp7EOsayyDFzxXN7rzW22inRowTKaBHDddgMR7QbzoEhpOFzijsNzALt6qT4R8U%2Fn7LJc2IjYz%2FFspo27PZ7UkVxDxwDvWxLEaclROUdvHCNJ1NsLfy9Kz%2BMMJvYN%2Bcrg9LoFcgTYyY4v%2F9zvvjWAXGA4T4qig%2F6bHgaY%2FzhqCwFheSK%2BmflR3ag4nN1GyUaGVVFzU93AL6iNp1Se1yPRw26NDEh%2BpFteTVUbhUYMFpPAM%2BZwFb0WPj5TDuAHwr8yRi%2FSI0eyLC1DSDEB1YF4uaMnvSOLR0
5.,中国经济新闻人物,,/l?e=8d90WVz7AxsUvpUDybLj01WUOC9r6D2dT2gM6UpiWDUGBHQKlMcs6183Y063FdklMd4AASoF0rKz4j3L0DsJ6db%2F4aB8u%2Fw%2BDqjCLHVOcRKwTolXObuvqATzVzf235MiaIDs5LE95O4lQd1%2BZCUoqc%2FDQIce%2BHglUbtAJ4rA6f1u96tFhVjG3uP9GCdBNX5qQ%2F7ETdUK6sCmGkkQXdUeRDrcz4LWlNJ7U4Nx2FWgk5O%2FhammjNynKltPbwnt1MkBtb0Z1%2Bh7Oez2UndBu1GqGwLSUg9jMt1bewJdWKBR
6.,韩安冉称do脸模板是赵露思,78.3万,/l?e=9e65kSMLfBnn8hA0ZbxoBI%2BjQ90veU3xzb2kQsKG0lAiia11WJgcaySlMXAz72OWAkHChJCCSbYv%2FJSofyBIaazImz4KVIIvuOQrdyRZURUjRh8g3%2BVmnle1rFCRpPnWrnsfiuMc5aeg78b77RA4%2BGqrEyd2hYKJn1oCJV0Cbcimxy5F2kUFJUcnqmOeoOKpEjau2ZVibkvDzfdhIjOZb1KH9a541o%2FNwqAhYu0GLgHqHIRXcdD7OrS6QysXUYyaW2yqCe0vXYMx%2FygLmChq8sUuMbCdAmrCmTElvjVFgP8ahfsIsrZlb0Gz%2BUkgYzmgu%2BY7fDDKj7fCCYGxBtR7EB5nlCQnOpEt9lQmn2A
7.,印政府还在用被封杀4年的中国APP,71.3万,/l?e=caccb66sop9SgLoBfRnx1IGUBDzuhLkFgEgbxC%2BX7QWqhTsq%2BBi1xb3C2Alm%2BSdW94vq8FjyF3Nq%2BFgfVMYpxdnHTV5prj68%2FWJGpMBqtLIuCtnvnLqM%2FDiqstTPGQxXM3W8yDPa93ooEocwZh4lWBJ7577ITSKJHmViE0yep3dmCldR6tXQrh5POza2u0ekeHhVtA8LLiMCZGIHjLEa%2BtkhCefnVKrnMitUbyNhOfA9Lka17Nb7vT8mPxmdFIrB%2F6%2Ba0%2FJ08F%2Fd%2BAs150gZ1O4M%2BALut1w7sforYlGa9rH56SaBUtO0q6Ucdlh4bxreVDOlQWw4rQhmMrNMnArFwx%2B3lWOTdhXN7PZpOsJ0tjaCkhp417u82lr%2BZWpAxkC1D%2BRk1h1QkiwziHHLQA
8.,官方公布冷藏车厢内8人窒息死亡详情,46.2万,/l?e=a05ao%2FfG4La8AJ5mVBKqFnqw8v8NTsY7EN4IM4DZnEDUGlSDaW4mzrWS2cHAW0xilKLFHRErohKtkgGTnySq4jUrfdONG%2BTGvUVxB12fLgzHcZV%2FKYgfS4GihG6MlbXq7aX0ZKoajuBUoNNBW6r%2BYrFP2GZ%2FAAOcqvmGFQX3wgDgo6OW7hrdujvStmo3YZIzh%2F3ma1ThxD12J%2BAeMsQAylbHDTLbTjot6FaMwR6cDEoLKuXvC5AsZg58LTWUGxrjA4tlUWLWW49k9IOJ0iAQDLElZrxGjIMK60Dxk4S5IZ4sR2DKgYztsuZih07Xyva9Tb8ZGyTNuGqPOzNCqC0PNNFPA1fHVJU4F5sYTwSfCfIrODmR9OPSjrui0FwG9qJPxXDY8BbMV9k79O42il8o4vzDg%2FU5AJb3c5258xcCcbDPMWTRTNgfzNoAb57JVSy3vMrgveaUZQ
9.,吉利星主播,,/l?e=656bxPlYIalRRHpc5vR80D7VdAAVFfowWvBnPXtIMURZgqBnHtZhM4bguNhcYet%2B5VdwVALv7bC9gb6RvzD1T%2B2pmADPGV9OSBbrskaD9anS9jvbIhpdnQoqlYi8xHlbf5sgYEdZETRPoyfuM%2BtBKRveRfsQxCVZUy1%2B1PbpLgEjp4epG%2BDFUnN60Jx2AuTJqfrZ%2B5eT1Wwg6FJCpKkkiPoiINg8usFMilvl6NqBwOrb
10.,春晚官博回复檀健次春晚相关,晚会 459071,/l?e=5cb8BTEtFxrSRafHBDXHxlgu6YarmMKgUXZiUgWElegcAeYoLSFiocWag1RpOa2yeytDaC%2Fkc0yta9ToM9EJGp3oMpeA8gilrdlCJ4OyjxEE2gqlbFcDIXO4XfLgbA6oMpbzJA9QmXsEPnf9OFO0sWJO3jl7vx6Lb6eEmQ3L5v4cuLAAGREzoW95v40EThjdB6EEyhq8PuleSessWPxW%2BqdWgPb0SFA8WUX%2FC5JDXMhgMAE8hMI4kZ7wvLHT3991jbIjBICP5cZ9u8MLVNImGjdo%2Fa6W6YhIwoPDVoUdsZu0MIoU2ijBKBLyXSMjtSuCMG9zD3fvH4P9fC68FjDqn3pLjOINQ%2BFvKO%2FsPRIRaCceouCj%2FJY%2Fd%2BVcTzOjRD5Ew4Uf3YWATpLE
11.,蛇年春晚标识有什么寓意,综艺 443722,/l?e=f8f45hdRVoXt2rWTDmvCLmZfpYYBvp%2FObBhgJyuzwNHeSg7C9lzWQkoghTRwgHsLSnpQLwzdUz%2BklGSNrIJGplRU0W3AQ88hVKH5QWcPaZn1iXKKW%2BP36D1%2F5W9Q5gIbk06jMfpzxoPrfVwCptZ%2F1ve0hGZN22ElxwpRUzqm50iecVD01hhlCPBjz3Q2LXNwwkywJ9DuR92eaiYoRDbH4yFN9xA5IJoNyPlTHxivpP5hQyS8CdVS5X06hXo44uw9hE8mEZdA3E5ep%2BQWYoJZzYVUnoBunzthydt%2FCzM%2BTuaoSJUHUQy3Yt%2BGJ5sBgefqZt5OhPx9mhQ9p6Ng8NjyCDTNykKlkJjLgVx7
12.,巴黎世家售出8天后要顾客补1147元,41.3万,/l?e=d96b6DMjDL8WOLd3Y8RsXlnGcSYR2sRacwRhbf32YpCNetLEnZuC3RxC8ZehEKofXuegr6kGUByBmfxMWZfOnhZHiDBzQsqLPBi%2FKrwSqHZkBXLDAjkwmRMlKxP8xTvwNRR8vQ5mWswN2T7l%2FgigGoYHUMvEFer4o70yZR7etYXWJz6dVGwJ2oBxUM7szI2jfEcIsrmtywFa71j4w5wP9pIjB4IGa1eZLn6N4HAhl1Y2Jm%2F74DGf5V%2FtGG2%2BzzM2%2B05Uo98U5nVxiJX36d6YQzd9WmJI9AHTapRoV1Ba2xbGFHtLJl93y8eFSpY5xAWfi7JXT8Vjxrr6XQBF%2Btgwuq2WYmCbXDFvFjo1HT5nuWMRLJiTrckIMsjoBvqa5gZzD5RIGBo45kp11NNp22E
13.,油腻的小学生作文究竟是谁的错,41.2万,/l?e=0c120DsifDtwCTmJlHh7l4EaX4KqtCiCRFFdc%2B93EJGYLYjOWS%2FQZeimTvLrazZdaSZ7dvSgS75FsB6v39FGO4U29BrDCcywZ4HZhGILNX3vbg0QpgOezylLQ3nVXhmyh6rYdahD6o3d9%2Fotnw%2BiMab%2Bd5%2FFaqZBZIkryRNcD1d9ngZmUhkKquKWRvkrihItvqpNMceP%2F25TtW5a9n9YdyDffnCQq2wu%2FNSlSILUDCejadYH6PFX8x56d6L%2Fv8luDGHyu2FQxEBehgb31fHs4XGJozbckNYIeGUUh4JFdBqYeZj44kKCbDn3fap27VTtA4Fbz%2BxPwRg1RIWas7ebUWj8LMbF2ybCeuEMAGmRNnadpTnja3zEratIjg3iPZIhM7lx5NHYDUUn4vYpB4o2B2RoX8PbXxbe
14.,鹿晗回应喝多了,41.2万,/l?e=edc7uOx1yqZEiuES%2BfrwP1jIv7y%2BhaSkOfxJjAfQ0vXYlciGKr%2BuedeST%2F10mFWcE7fd2VqUO2F6mG8cRN8YVJbCET%2BUk6wo0%2FNsxR9dBzwPbgxmow2RuEu1Cjcw31iLAMk7F%2B%2F80HbaXUT72o16NIirJhSg6R%2BbiQZvQ6cjJjmyOQqKmz%2BYtJn5psLaBhgUzXZ6%2B0RcJrqV%2FdV8YqQDl5laSQHQirWKF454kG8RyhBZoPsyFDmzCnHrbFSGaUY1%2Bv4eJP0ZYN2i%2BczBIbVa
15.,周密把周芯竹买话筒的钱转给她了,41.2万,/l?e=b7deNTJp4ACGOJWtm13DfjCoWXGyu8tdlKQk6ziZ418Qs2H0SZj55hS4YgwlcrtYWEN%2Fy6BtV8PPh2NxrBazvVjxvq4kYsLX9m8WfgA%2Fbq%2Brnzyg%2FlyMSFEdd7kSRyG1ymLNoM2eSlOb0TPGzGAnilS470PWfGxJWe0KCOEiak3hP3%2BobB2hEgufm%2Fb4YEgSSlOEq%2B4rHO2v1iIZQ4WT9AlKjLOpgRpXEU%2BqOa3tu2V6DKkdpkQpzEOEU%2FwovZAcsADj5f3uxNhxb1zKs22h48mFFa2PQW7R0YpDUtUo77hfOP9UOGI3CG7lqEp7fh0Bc%2BUKvvSuuNQbp%2FVIoLbxtPLQrNuSELmz4IEzYYDxj8JDG33MNnXJMpf34l7YkAQvD8uF7rFoDptwMEGr5W%2FBxNk1l2oyuIlp%2BAyWITtTk7UQJxxtkWDG
16.,新疆棉是世界最好棉花之一,38.2万,/l?e=1bfbD9Y%2BuqUvgoGPwD90H17SDqxVNQlweuWoOXhb6YQQdyMd7OqSeJmuHuIGvkjZyv4nL0OcxHILTWO7TkT%2BrgYZVKDbzoSeYUrRyg9BAZeYB2vyNMn9u32ojf2HmDc7rfYHDhdZXIORkniv%2BzChSLl7fyvFWCFUd6fs6RlhgLx9EgaEERQ6XA2K1qufneMsQABh5IV0s60wx3%2FEGnCf%2F%2BH3mMnIckUixdtdnfXebE7OySQP0yh4%2FWgrpYmS4zTspT7l9u0cAoBbU8wjNT8Ct7RzwEkg35gyb2D8QKiGcCn6yeIE6MLxZdyxuRs1APhkHk2o7wgbZkWoO%2Bo029pv1Ys72onSm7mdMFQbenlWlxEWO35YfWilOVsU
17.,韩国人的精致穷,33.5万,/l?e=6d8djfB4xyKvzNzgV4LbIIuzxcgopDWJp5cQ8mLO%2Bh1nLUnmK47skoef3JbMNQbkNE5kj%2B0jE7sBZ7Iofp8sOERQwreGBh5RDNVWZioWF6jFFDbviZpIqUdCTQdp%2BevYchwFdP%2Ftcm6I0ujptEPqNqsk50H9enR%2Fg2aqg89gski0ExCG3hhk6rfF4rPJDrGspm6S65BO5%2BHsqWvdrMEfI01xiOoQ4Ng%2FoRqu8q9upCK6XdQVEQDsoBbMZq%2BtLZipWVse0p%2FqNJ3e%2F0iMPIgX
18.,千千阕歌和夕阳之歌合体了,31.1万,/l?e=6326J9L9jObA8fnrNbDacybln93FSjF%2Bobqr5wKH3RDKnWGwSEPZPZZWEFCT64%2FRfHvr%2FXJEFOkR5Uk1%2FYQuYWHXS5vxFYa16nzu364x15K338smgwqmvhxueoCyYrcJu%2BjeX0ScjL4j1c4y6j2nA%2FuQHgYmGrJAWZx6UGTEV%2FybWhU6o7rlt0qt33DfIPdlF9nEwR5zC4IPH3pBS1VpvKxJvIPNEUuHVvQ3YzxFHgt29GEK%2FBbou2BcxsjlsZs50SpzuANkDhNezjj3DP7LFBqeopsyf9gEuEfOWllzAXNnwh0vvJtR8i9YpWqOihBSEBzMMLMDuFy52baIKmCfhSabSUiz1gI3yEqhFuolu0fnNouDlbHH4bmZ
19.,鹿晗好拽,31.1万,/l?e=6ebeu5SmU9yX06gUoW9eXfaRiDbp05J%2FHyp56DSlGwHADzeVugEDmIHg%2FdLTA%2Bwe4dQstJqG5ADBL1%2FgyEXWmkkt8C0PX7VoK2x%2B8kBtAWViwGkt6smFSoUnzqeAkSCwPsH%2FnDYSjRDAZ5Q%2Fn7KD91g4j6Bfr5UYM6Nt8BErmcy4PPJTOPjzTLHbC1g3f94gGWPj8tfBMRqstKktrPHfWxUP
20.,林志玲晒亲子照,31.0万,/l?e=b42caDY96z7OlRwd5RmMBwERmJy0eF%2Bks1ohon9zTSKZRN7ObHKYWXUbp0XEW%2Fa1U%2BKpteZyI8F1TQ8%2FanZyHoCRw1KllP3tAsTaqc2%2FMDNS31P5il1MF%2FnVhKGSKT8WvLaGPNk9oYoiTVAcDwVjEitUvdED9oOqnGlz6iaLk25l1E3Uo0Rx2Z19zECBK%2Bk0u5GGFl7p0M5PGFqJ%2FbVNHd3QMwrYZHQoSJHZ8EBqiFiLwDtZERBlWFqnjiknLNPJtnoIoJjiPijvqebqaIfg
21.,回顾雅思组合7年夺冠路,30.7万,/l?e=a3e8i2Yqcc19aZjx7rs0F4sfE3rpQiQ8wCR%2BUzsUpXb7MF9qNQVwRp1zKyRtUXgQsuVSXzmjSt2C%2B8y0qeg7d5Nc4B223O%2ByYjyT3i1ufXWLofS1QnffgkoHZntNhFl7y%2Fx8K5dxlVynTEg3dqLRu89V1OfAaKcOMYMW8ofE1r8GYpxDCZ%2F0gLJJj7sexw7aQxcgfvoWC8zNGS6lCwgL%2BSS2aX%2BG9om%2BptnTSqPgRlgPf3V4O7%2BzNyVB8S0gmxVP6RyNbF%2F0DLfNevO%2FUn%2FdpLQFG9hCdl8mMLE8chtTWZAbolcLHLxyZccRr3N7THeQG9HSaMxRJKQF3%2F6vvQ
22.,胡成背后女人四折叠,30.1万,/l?e=296cKpdf8BsPUkt6MSuioQ7Lc1AiRrAUhptIRsmsyzspQ599K0Qs0Z6WKChcTmX2gnxNtYGP3huXEsrObYIx0dy%2BG%2F5Q7X0YVmM1qP1VC7z75ngyGxgWsbq5uTC%2FVKAbokdBuvPKqRTEprFVHSBNVsX0Lz7%2BjRYAyP%2FicEFT79LVSu1nJaxaqGjedpBXWQvI2l9f0qUxV74xNDs93h1rdKY05w7Moue2OpJktw%2F3GASSDV0ZPv2YrkFqAU8mTvMrVC9F%2FR%2FI3uD5z7XsXhB1sQ8BvK3Ks%2FbRpJtWfKkYnRPOkcqr20aBLWjl9KBG
23.,医生称张咪术后无法高质量唱歌,28.8万,/l?e=9c3202hPu4kamUPKUNtWhZ0oD%2BIUx2ab1U%2BFIMaZ0LTvIOxnNDZCiTi2VCnLoT4P02QEibAVXxrOAZzYhnhVHUi3DNirZjRZvaIS8a9gbv4fOYewmloA697LTv9tuP0TQ1GwNmXd%2FgiAMEkrW1RuS217exLAG061bsKgMD4A5cqnyyRs4jdl0e5QoiMOKjETwGOkSNj0qtheZDs2%2Fkv0wt6NAq%2BJE%2BFpXFBl9RVf3%2FIuLyfn6CpqrFfReyVJ%2F4pgnwTAPPNTHXH1VqBxev0fgUSYBtUxYZy%2B6KYTRxVwzbzvl2efRXYi29wahIP5A6njugeecD12NHXA%2FJyUon3T96TiX7QVhygQdS1oRj7pIb7i2QDQlUh5caMbuJqv5rxhDxiVE718oVf5ZzRRvOk4vX8SPvLPi%2BPm
24.,导致胃癌的6个高危因素,28.3万,/l?e=f785Bvp%2Bi%2BswTkcsDBuD1gr8eX1HnvwioR3zmqkdjr8N8eqaCrs71IIzt4HhcNnnB2uIrajFEexuk8IfTd0urmbgFT%2FT1BT%2F06sJlvAc3ULLfieTJnKu%2F1yhJ6qfOOcLe5%2B1VGbH8dUlrugE03BPfPhD4CGZYKPEx0dRIrJ5WhS0hYjDsWq6MDB1F3u3uqU1HoJZbIit67yklETt19xAoI0QqMSAcjf49YDoB4od1MfWfPZ7NIk73jYpqfoJM9LODCMycYMijcR3LzHWSlDGyCdP0jIGI6VSgjmCbEQdhkzxbSm58cuzItqYwPtAVeeto%2F9QOyAsq1kK%2FqvURw
25.,中国游客在马尔代夫潜水遭鲨鱼咬头,28.0万,/l?e=1c76x0eCRfCjXjdlRQikv3zwzJ7clF7qz%2BtuC3ZnW%2Bv4eiUISWTpJD34cS3trsFw0ROchrGxiX4VCYF23unK76zxTj1hXllcJsgfp9ilLYB6yGBG520HrlYG2Nlw2fkElYLTk9oh1XfwkTnr9PFmW5zpc24Jd6XlStAUZKLLVmQ%2FYmgvW%2BYDuVKptglS%2BrXv7Mg6wkPepwTczDT0guKghslKkLMphUTzdtEGoawsGPJlQ6ZNo1yPBTOcqkvO5vccCpN2GzIff%2FKNAWet%2FWQmu20yw04TGoxIhFClqh6cvth%2BJ%2FJF6982FGdwDi2N83dTzO4YdRuQVViyEYcNF8vKQTm3T2RqobWTpjWk19OSVMu7pkAt48TvPG2ZJrUrrdI422j%2FSsz2hEs%2FDO5stvIUvPOrXm3ix7JMCGljDiRRPyuv4Q%2FP0b2%2FiUfV6LRfkpe1z1BL8HOS
26.,张婧仪眉骨阴影,24.7万,/l?e=2a9eC8jvMYIdzR2vOe2zmgvCR8IJsq85qFGxOKlikzjjmHIrJ%2Fh1tlXRCruQcbeweUYvOM9ZwfoTXnQsW1BGVi%2B7tqLOp5Y1g8NWn0Uz%2FqwXG8WHHg9mt4QSugnvPy4U8yS0OAb%2BPQeIe%2BfDq%2FfUWyb19TtOmr3gn1z3dxHchAWGKgFsNHBqAyiIxZ5cl5hmM%2BipVUNG3C4Hr98xyTNF5W%2B3rM%2FstuDIBFxLIjOxm%2FPfjd960IiEysilWHVpuG0arrEryCrCQlkx9%2B0FnUtL
27.,17名男女KTV聚众吸毒被一锅端,23.3万,/l?e=da03kcvP9TRjQKXw%2BZB4S8AD4uERgs1oWgp2XXonJewcWD0izjnDFi5uCg3Cp%2Br4gcvmTeQen9wSq0WP4KnS7%2FZf65DfkkI%2Bs0z3z6bq8mBG%2FtG82GZxNtUWLJL6m1mF0v694ia7qVuchromXpX9M2I%2FcMhzS%2Fa%2BBng81t%2BrpPNNlCP5sMmYUE%2Bw6UQ%2F2%2FJsNoHnVPa0n9vEp4MC4kLQKPBWCOrvK1Ij9GDskILG8dVhy4OKOxluuKCTatzdCz4n8%2FMGRgPXbSUvrvo1jO0qM1xY0H22BPdjXBr5aoYY%2BJmxeyD5oTuZcUoI6G38msuwf15l%2F4a2lbpB84UwmnU37tTGqC6R5hLCCHsXwG2PspI
28.,主教练上场,21.9万,/l?e=b904QqmA5ICXqqalWdZ6VBWMnolRRp3siQlf8QbP9cps4jFIPjMGUZs8adjfSQ4jiqiHOn6St%2FUXlcxyfSURjB%2Bf8kHWjIMa3HjIQh5tJRaH4vD3VUxTxyQzMRBkZekvQkDhUfxkw2E0wlzj7GeTs2jtM8in4vAKdlXPQAJm%2FTjE9ot6%2Bx1TYA7E1lSPtwYnojYdHO%2BJSlUYHXQoS827LCKkBotk14qZefk6iqOLPKU9
29.,再见爱人4第七期视频没了,综艺 206945,/l?e=29b37BOgyzA8pjtMXgAYtyExPdz%2FShsINf8q86mTD9LLy5iwmXMmv5KtcUDHFZOMkYATTxBD22484AEJMjBFjXwwk7RjtH5ZzW97%2BIvhATLS3B5gnswsyDZEgUz9mhRQIIc9ls0wRZ8wx%2B7wgwO6zV5xFlOqCrEf1y92xB9Ao5jd%2BaD8dcMkBLvHxKx%2Bkj5pdJlSgOAT1QtVg%2BW%2B99KHDuA4N7REd765%2BNv%2Fx3JGXyr4MC7HJc76DqA6jZ5%2BtrIBEGhuynTif%2BQcxR%2FPjEbuS5Ql18W%2FrAEHJUnfKtqHyejJABBEmTN8FZS3C0aNqSrJy7rKGLWfWlBdG4gbl%2BHq0Xui6g4HEAHG2cpkYg
30.,迪丽热巴ELLE2025开年刊封面预告,20.6万,/l?e=709fxzN6KqY3r84F%2FBKhPTuXkwBvngqiXyfUalY1XjACXeI3j0oXiP5SdGJblacujKcOC%2FYw7H5SX6JcSK%2FH3dwJ7029qSBluI1Lq3ic66F0Ug3%2Fbbhr6WBWcSiY8975sy58oHiyxv%2BY8ZA2qY2qLNGbD%2FYAxVeYe90JgyOwU68lqJk%2FCI%2B3ACYqmSs%2B1Z8i2xPX6kTGLQE06sMXCB5sIYpKhdPmJ%2Bj9pqcDOtDdDdNxzLq3LN8bn%2Fk2HvdNioFhVuJUUY3G2%2F3v7PaWMxkKfSC8yMKmdRS27ykV05eMg%2FRMf%2Fepn54xHeq4mDiFTxI6ixzontAXkuQX%2BB8rjslF72d%2FLjz0Ab57oRAisWoWpDsGf0I
31.,PEL名人堂投票,20.3万,/l?e=1c07JyGSOsKaCd1qNUf1obR%2BY6hPXH2GMR1N32RPIen8huwIYdhjtUq1DYUwJbnsxzDYyBBisfioUP7Tv%2FDpjipvFY9eTEoKd%2BvT54R9WrwNeyIvect28gdrISDxc5%2BlqEbQ4kJk0f4CV3OcqMBdUdGJ%2BQ3nQv65q7WU0LuqTCvWeWMetwXYUckLPNmq9z1mj0nSyXuqiazNFB5%2B9XkfuzUkOCGKaPIB0E13OMVU34K2vTuh
32.,iQOONeo10双芯战神,20.1万,/l?e=abb3L515dXpJzCpgGHp5%2FqAJcKYrl6CIHYcyeCgK%2BbFrKFOxNfy4n97aGBD62CBHTasjEkHXdO95qrO9dcFeL7c8mVa6TowVH3eT2T68gEPLmCnuYY7rzaXRnZp7n%2B5Nhl1tPio4H8W2gXB1LYNownURePBdIZGgMazbVqlp2Yfprj6TWD1Lt5n8AIgSUi5FKB60J%2BWKWbYTeJQrxlixIAb6OVkOs73qmOZp
33.,从太阳星辰看到港剧的觉醒,19.9万,/l?e=34c1aGuLruvuaLqVKO0jQk%2F%2B%2FEY%2FtovnDrI8O0wvGAK%2FY2lX33SuMN9L%2BxFYfdolPukTXHlkeOzA8ShWUt5DaM7psS7k6%2BJPgrMDVT4m8PxcRPBquphXdJsvjb%2BMeSDADyyAX60BR7dzoKqcchx%2BcJgk%2BoyND2cxgLLu0Tc%2FsYBxzxNKcbc9giPf3cLcsIf69%2BHir%2BZv7BeR4y7HQseR6IGQN3NTR0%2FL076%2BTLqxjQx3z0DsEdxK0nL0QyLs4Zr%2B0vuOV4Mn5Sbd%2B9vDGDTfWSHp%2FEGe9jaFu9ByPLM3mPGcf0x1tQSLTneWsg665ywzKI7Ks0w%2BcOIlCs7CUc9xo4NbgJ5ym7n4S2yMVFRuanB%2FhCeBumpnYp1a
34.,黄雅琼回应郑思维退出国际赛场,19.4万,/l?e=280628tGyEJ6IUGmS937f%2FeA5JC%2BocfjuYogCum%2FI1rACSEYYdwDx9MgywYOOrOxkpm4XtttswkEYOqocpcbguanhRauYYaeQ6Y0avxd4MJIfsalcaSggVJeDbvGXXBGnAm%2F8voCvHG7xN90JSVYg4L93fPYagChpnACVPZqqjNYUt2IgQ4czbJTX4o6EmL533RvLJtc2QkxUvptEhKVPrt7oVuG3O7%2BSWfFMmb%2BtL3MWvXimjIm19EtB%2Br53iJb%2FOsSccIFLMZRTMy8A307Qz%2Fy6bz%2FaFYgGT%2B6jq%2FWT%2BzuCngEzmD8sE5NcGBbh47ItW7raM9G26jXWlyNPzPx5q9TAEqdu1Mm0j8bzaN6c1skLOF5Q0%2Bi841fsB2sMwmjY85SyqshkWaeEe6z%2BBY%2BfugvgymfO7LZ
35.,我是刑警 打码,剧集 192649,/l?e=5171O3akwXkPpeMOP%2BroPON20t04Hy%2FBWQlr%2BkCSyrioD%2BrqheQ%2FRrejRc%2Bd85CBERQdepCM0UMLy9%2BgDWtiJnFxnVQhqFP697asH93ID3rrj9SRQWHZEADgeYJE0%2BD7VlU8vq241svqnGN8CSwwHXOeeNhJBSCAUnybmgLyVnge0dUnRFNawOhrY%2B92C5tOA70Y9n8oGVoQoO7tbZ1T7qXY9t9c6UV1pxJ88y2Ig4UAHK147bEz0S0zbMCsdA%2FlcEBL
36.,王楚钦林诗栋赛前对练,18.9万,/l?e=a363tIHm0tl465tbN81f5TloMnHnTfk32R6Cie83GiDBMG1M3%2BRqVq73DNDgp%2Bj2UQ8lEc94PHQsUqlbQfH91rR%2BAuUqcwvDCAIe9BJn3Deg6etf97dZst1CXXRSa3a8F4pD6gVL27Ns56HSXAsjt0J1Ex5tQch85z6zcgZH547G0jKbhkh5cvSwdG6g0Mr9NQ2xxf4GM%2FGiWBeqdmbE4pAH1%2F%2BXzREDZwc0Cg84y2gKVhpd3qap07oUsdw6fEEiFqRNijwg2DprIfrScXowqjJ3HBg27t1dyjEPrtoKGRwUeFXOi5mnLZ3LZcwxLY4kvjLnd7Ld3gfidEmk
37.,安以轩老公,18.9万,/l?e=3f0d9zv9%2BxAWv%2F%2FigaicXtP7fLlILHGJNIKXQmZIC5lbJP6XEU8jYbtJrN3a95jvWPzhmXPmypHp6AtECUQjQ%2FPvGRjwU16rmsSCTcwi8t%2B3%2FstGbaXBQZgUZ4MmIU9R67KADBdirSSLlkfOiTf%2BX4EKCFDU8LvcpXMPxgBD%2FOGt20yw2RiMppfNwDBaNsFZ20QDlq5s64BIoLfJu6GOQ946ELSv2Ae%2BjsmP9wKhm36S
38.,杨紫 家业路透,18.8万,/l?e=d873EFNwY6Df09obYP6U%2FZRM8G4wxst%2BBdRyx1pByHnOHTBebgiuhEUneP1fLNuKQVCQ5LmR5bL76OEHtbLvawDEF0fVvpJEnN4U2wfECRrkQZlweuZPbi5jQXa7ez2nHzVaV0BHQvi4a5tDo1zdjttMRh5ESyqQ8BVo4uwhTatvtZdzShTD6DNHvlz7tVr%2ByABqmojmwHf0rtMJeQlAo%2BPjaZ%2FG78t1GznP8i9sBV%2BDSwB9fGUIZzVqAyPmLLQGsW9J
39.,刘浩存这段像在逗女朋友,17.9万,/l?e=e12eRzkTUPmlapw4L6c%2BbMFz2fNrmgecvpbPxzJuVX2P1iLmub65TtRBDv1TUn3gF%2BUWRfyKoWbpW0gZtsAt5NPxqzcKI94FJACqnM%2BSuZ%2Fo%2Ff5er%2Bk5orSDhiJ5%2FMjZPDwsgqXXJvBgnpn99UgwNgNuE8JEQVKN8kj%2BLKJRXPtLIyaZncufTm0fOC%2BOxDqLAR8KTK%2Fsg7LrKigncNqJqLZPBGMs2jnI%2F%2BEpAeg8Dw0hfNJ5D2zSXETM%2FSFLf7%2BGwedM4eus60CiUldn%2BWryTPxv2aHB9jsDqTlRFHrBjuAOOLOP0Wh7wsuTsFe%2BHPhUcXeoOp3RQv47yyp7076zpNhLIfzxEScy%2BGV8
40.,蛇年春晚官宣,晚会 169296,/l?e=213flSHjVsF0GhZX3RbdO475RijgBXWhHeQjNfTn7KXLVfreWrbTeF2OF%2BKoXxWe7vlRzc1U7%2FeviNjfJXCCzg%2ByzMO5dX5efj4usSVFYMHahptUADrUNGej9rqyvEL4UP1ZhQw%2FHRQXgi8ap78j1LUnG8UHQsLiWhb0UJ9o4OZ8J3gZ5MkZMGuM%2BCJcEZ3cpTwP4n2829clLrZTaUz7WMUQGQk5SDBDWbiMuii68ws9gpG7kZC533VHCSTVQ2go
41.,纯白无瑕的新疆棉花不容抹黑玷污,16.6万,/l?e=9f9a%2FGoisF99FteWnbvYMbHHowz27wFImRStbF%2Bq1ovZSGNlUjhwR0DyrlpfVbEGmyHcookaPoBqe8LekKVJgYpir6M20OalTgo7OPb2wQ7G3kVwfzeTb4gDRawbKY7T7Rur4EDfXJJ7P7JEMSf2Zy%2BgJMpc1sDpgSLIYL5yUcZP5LXzKZXeGhVK4%2F56nxceM658LpBNIKhT8kh%2B3mrgMsnUrWOh5kdX3Rp3Wx%2FI1fiKUBTJUVAHnrTizzjxJGy890nN6JiqBfT272dpAGO%2BhIwzng9b6tWG%2FML%2FCjRjoPX9J%2FsbmOPnSdiA5gsfXocc6RpHAZX2vzs0iWw51rNPcmEE5aqQzXgG75aYw1CQBBgLGLJTNsJBHXA1ul3OXsu94UdKpQ6OlCxuaHzah5ceUoaSENZlpZeZHn5TjwDXYcdYPX12FJKD
42.,女子在中医诊所遭性侵医生被刑拘,15.7万,/l?e=fed3EQ2FBuuAjcEJ4pKf%2FSqrLz%2B4aKWX%2BvWSCkAKO9eWTWV3sLLYQ%2FDp7kFXhfFhmivTx3yJCbf2HKzZwSrNH6BDSvVFWReAmoMdhHxxtHt067io%2FKlkl66E9H%2B7SYi%2BqtznswnaYW89uezIS84FlKqaNqfOU0pbKxccMW4zOHuT5x6Y2HuTV4qrDjherXragpKvQtrJjauyjMlxYnZ%2BKGAZA3gYkOvZUwuIS46Tbo3RA%2BHJGVHdXsZRGyH0ub5HLvM4ijryoCYBWBjxozFcYNyQELI7Bzd40cb9zs8PqLBpV%2FHCwXsoIsntcXt5Tn40%2FVkMiUKXRDFoPM3%2BPiLZbFhTihl3xoFcmJNWyNhi3SoQUOKyo18K96KyR1iyUxAIkTyE9mnobxXcGm2sIYxE5BoJaQKvsW1Gml6zO%2FdO6a4QLeLfcH8O
43.,美国女子抱婴儿袭警母女都被射杀,14.9万,/l?e=9610WdsUNylU%2F4hfXIp7FokSz5NKq4j5SKmJy9N64jYwOEKsvGZ7YKvkprlqKbaX4db%2FDt6z2YqA297Gyjg9jHCXtkPDx5uSLxxHujK1GMaU3uwO8460co%2FD72eTflY1rFkyAFLVX%2F6Nknx1hikN4LI%2FkL2C1k3%2FfS8mJG6C8B6MnKu0j%2BUcK0Mmq1yY5474llFoZzqCWw%2Bmez3cLilqiMil1ssl1kM8cU6laOZM6OQAShivpqkVXZf8LAPa%2BSntmBd77ts2uOpjI%2FmJHuuSqpc3H98jkgGbx3DQRy7WK1LG9r%2Fhdk%2FY4Wp0u3mdJu7hxw8XiMQyXt%2FEl6URFi%2BwOv2uD1CnKq00E1w7xr2%2BxKi78dQckX2hY5xEaYjfv5Vp7HBIu0ElgAjKtxQWeXp8d1mPqf3MJfaeU8mF%2BVlNe7e9ZZ%2Fu18vu
44.,冻掉手脚的志愿军战士遗憾没能冲锋,13.8万,/l?e=c67fsoOtnudzEHn9T%2BoX4E9IryfYXz8QRh3MHrAhX%2FwiVj8lgqaxZQ%2FQ1h%2Bt9rlXJF0xWjhGTIUGO1Enak4xuXxLLznkvA1o0FjWNNWrZxQN1xKy74j51Z4QJMRXiP%2B%2Bj5s72galCUllNDo3CCSoosgXt%2FX1q%2BqVL1HqdbsG%2F9%2BrDXBdl26RvYoR9WGc6JzmQEInBcLH%2FI6MWZOA%2Ble0Lz5cXSkvclI%2Fzlbka1aHkVvK7GEZzDnk4nSmyWOCixfatO5Z%2B6CMI0fBSnW9qtL%2Fs3ega5uLa2dOqy4Q%2BDz0mm34AlbermBPu7rao94R2ox3iuavF6YQB80iMKsxRpz0%2BKvzoWjHrR0ANb5UFe7GAIaqRtmeRfbIZUO2KZMDtotcllyzaffdHtOQ33iE%2FxwTOYPtaBxiCA2XHLjBVbrtfYpCZp6L5T5C1gD5zCrO9%2Fyq7%2F0lAF%2Bc
45.,逆水寒,13.7万,/l?e=92cfJ1297HsnskjGK%2BTnYeEq%2F8n8FOcjWbyeA3mfrcIYaqUfBCop%2BOmzy5mweeuWS3p%2F1cCealhJuBBjBw6tM6Xj12xfqDfL4F5O6COKfwd785ksnq%2BrRM0SSrtElYUN8Zs6VoaEvvNfs8kJqdlseUCl7xXAfZjyDfNUGOfJ1q%2B4n0a1ZACp8vng7ceZhEOosFCH
46.,Crisp被曝将加入TES,13.7万,/l?e=06dch%2FPLud1LMbCY7m4ThIqYgiIVIzRSNldzCydqwnFC0nZnQlsLMwPq7ZffItIXvPcqteB0tP1VMZkeOEpiykZ5AeQgSHF631eFhMhCUYHeGfBMiSSlPUCrbZ%2BgWRE%2F3XzyhuxjChEP2NiqabeHaL6UM%2BD5Nf%2BkWH4s8R2QQXmiDBa8OD2TkO2RfTkA82raIyrjI0agqn709IAe1ZLDxBep0TYdMDRHymPedKlGYyV3KCLusat6z6w
47.,优衣库在华业绩下滑,13.7万,/l?e=5f53N5HkGzl5N9SAZQ%2FpERY9CbddYAeHBvSe9GUOVTIYjjiXlzBicreexVFKxJXGU46Vod%2Bj7EsFgab5jVHAETabWVfwZwZYEMH9Z7Qy3zXQYc%2B2OPsSBJL3W2TN4nj8Vg%2BMGW4jK5vQw9Kd246wLiceBJitRaIw4i3Z2OpUXSEigi%2BqesborOqWz4HgNdmToc39SSNX8B%2FuU6z3Qsrdjw0tXYKZNX730XP%2BCEENRL%2FDrYuVO2ae58%2BYRhcdss%2FoGm2YO6MJJbrCmBGcHL53jHaG7qAdcZHWBKzGzHPaZYvoD3xFoIiz0iaoFZpU
48.,樊振东对郑思维说风正一帆悬,13.0万,/l?e=6d05tKbm6vg7WEGEssdFHqOimNhWMXG%2Fuagk2X2Q6mcer%2B4m%2B9ybbDQiACrnR1JYHd7Q1TrZ2TJ8zi6yUmRN5BserEVL94ddSQz7hI%2BkW%2FNo%2FxknGfqt1F2H41UyMn1L8IvoGYyI2B7NQF9byOQNT%2F4zuiVq39uv01EFtJ8zS%2F4yxKY23VjOsnzsQbaCW8vTy5JQo%2BkNofsAAI0h%2FSA4eBNmjpGoWzCue0nprOF%2FalxaE17nXer9iH8csYyqOG6eHLmpZrZn3C0ZM6Nw3O50KDyFXsduM7zf2dLlqvLVVFkc%2F5NDQ%2F7oMRTL0pj0Yvz%2F67Ne5VFjO48BnvEhUeGlEXj4kIezhL1NsuVr6b%2B3lNRVNIlmqzdnaWhUVMjgkFp6n9UKYCZVhgxO
49.,TES官宣Meiko离队,12.0万,/l?e=b2b0x383rGt6jW8rLf08mF%2F042ZWQrsVNrHhShem26IBNXS4VFvG2WR%2BB2xR7qJTTojwcmDKYvxWONQASmiGMDr4ycvUHsaV9%2BmXP55NkYQeYw0vjyIbhrtpM%2B0t%2BnrwKo%2B4XhDQ0GCkpmH2R7VXY7KOCM4wwanACqWBSA7pgjxDqNeV3LS1%2BDg3CM9QWn73rwCaYOxdtXn5%2FjQZ0Eip3%2FgDWFLX0smH%2BAE
50.,iQOONeo10发布会,11.0万,/l?e=ea24XTEQ1kPp7uCCi%2BrEMTay1Vo%2Bgny4pZQlN%2BhRJGWhPi%2FFaeXdXoDMpO%2BZRmbEct9YYiYnm%2FOH2kDw%2Bx6nVUV3QHiFUpxr%2BTD5cumad4Rp%2FLIRPzgXvIEXRnTo9QDfLOQEwVckg3OTZ2krqI6zMgd6EVcsg1vgWjIJ85jnnA3p%2BAM4voGpCebR4LIDZixwVHUP%2FW5aKY6OJhZE
51.,你家的筷子多久没换了,10.7万,/l?e=efe1%2BvkNhRy8fwc4A3we%2F5ZrGb0q7fH3YhssvrbY9qDs0fy1Xm9MfHQ71Fw7vMPuzCx7LvP440CF3xhU126gm3iaAu0JU3U4DgsMMTJqzANxnh7%2B3Ijsbk9wAgirVR3xYfODJov%2Fl%2BPEv5qPanQSxYk0UAV8cOlazs3hgepO9RVC7X0gX9hL%2B9%2FzA2j1q%2BJNskaQWL1Pmq%2B8S82MbukE4uDJqKBOF91nSlfNi9Bs6ogzXQ4o%2BIdDxrjUQaYsknD27evdyss3blynxGFuANMuKU9FGArYcmpnrbDh50CYtB9iE4je9UnrYzrNLGzr2NnDyPc99kizV60cQPaf
52.,志愿军烈士遗骸安葬仪式,10.2万,/l?e=66e9%2BAJslOtkWpqo5m7L5fUSHi%2BPTUcyyXqYc7eS%2BflndlV4wBj7lnxbVXh3cZB7ywnUNzfSigkQr7SyETG7rL8FtRHxJGZXqlsoIANQpF2htCkBsfcrPWyJqgVZqejd%2B2v4F6oXvO%2F6BkWnuR%2B9quTUJdIZ8CLZF7BaR%2Fd4nOpCovigLX74XTKdWirE%2B7aPXF1FK5xMgjVSEF5m402UOx2Xm%2BzPfOkWr21k%2B6f5FWOqwyJAdoCms0YoU3w0JMdexBCS3dY9ovZztqKlxnB48Xj98UGtof1moqYdfx8KFt7ENE0SmsJExQUUUhXkCvul%2Ft6p9qeXOQxslX0GWgZy1480xbZ5hAmuQHgJ
53.,儿媳控告公婆未经允许在客厅安监控,10.0万,/l?e=ea28yWTX01j1r4gLNv3YWEh53YuU3GEuK0pp8AqA5QFbjNGrbhxkegN9WTSWEg%2FpgaOVVk99vr3eSfxfnXbuLjTylc5Vm6KwO%2F46l6KTVZfsdQhO%2FV3dqIex7u8a4TuoogULpvdcW0%2FjKLOauiYArcBHeZQxhAjmHAXtzDJ0zgo%2F9Jgtnrxf%2BewXPXVzWfIHAyoiA9UPDU9P7dnE6%2B1ADoCxHL8SKOHUZ9MAHHBC48pKcrXW%2BucLHZTEeCxImqdGBSRdsWlRWIsUvztF61jNYPK7zG2LRToHl30lMMBpGeyjOKdLpXDCE4tv3s28D844%2FW6MHgFNt0q5ZgqNo8a5q4nGrXlv%2FTwsM4jOA8XIEqhWKSEBZLbD0gUzCjiKbamAOYdOX0RpX3YDskCbvK57RTHTpm51IoA1RlXFURAaXoyyE6i%2BCFO4BdKgQiorObpcXRncFnBY
2024-11-29,主教练上场,21.9万,/l?e=1b7fW8%2FSGkdZyNQJCzytumKX0VuJsVGMp38ySDqy7jypxfegHp%2Bg%2BPg8hvVfrSheMxIgeanw0Gt%2FqpHNJ4QpyXLFsb8Ff9GHUz0eREPA0DR9G2jmj2cEXvy0u1rLsrGk46Z6zI0onA%2FwwjEdK88yJT7lRwhwiVn3Ek3%2F0nW75JWlog7CYCclB5CY0CjoydUQF3%2B8hSZHw2QDa2oOfouW3Py4QAYdPQvU9Xg7p48r%2FmBk
2024-11-29,迪丽热巴ELLE2025开年刊封面预告,20.6万,/l?e=e5b0hPGeseGg5QXIz%2BBSTwD9k8W%2FzAR1BsFy730EbVewY8OnNoiihm0ezbTuJMzq2K5DfF%2Bd%2BCZ%2FLrGMIiPNEIwv%2BBw8crXjxp29mNghByCe7hxWyf852xXuxvMnTj4AuEnhjVW2%2FM%2BIx%2FXQQoYfImqRz1wgouQGoceLRK0%2BvhU8lp7jwiWZAuAvh6r2Pfb0L2vexVrUBGlkyNGQef9%2Bo7hWNUBhIJnt6DUg1aYUtcu19yn2JvuynvtgxT20xOqHdqoTUScNXRspX9bFssVKV2bYkhp%2FO3HNC0BSNuiyBUUN29yLCGMYIEULorKCa7tnZ16PPupNfLWwZmSZ4hZthDVRR7%2BtDtKTr4tQngLlrY1Rik0
2024-11-29,冻掉手脚的志愿军战士遗憾没能冲锋,13.8万,/l?e=986603MmZMcUsXyZ9OyenDGow51MOOodETNkwAMB73A19aaNYiM3cKHFASmWaOMdK8M2gG5khYj1inEDB%2BxY2nmjOKQf%2FrknJkrMCxm6LIV5UtFRUaEnbWk0zNHV5mRFEAGBzHQ%2BVG6Rl3NTKyftHBQkJmGfBeML1FmBw1lAS8uOLCnyRgmvwA%2BT1IorrKGk88jwg1dCkzrKweOxK3QF63rxFG5ZFDiUIx8EHboL2gbOVCaGR13F5MBpvmlSCcNnitCM0xs1GikiHG8GNKVGfjLtbdRA5VzXTqsc9s%2Bt8WRh5M5hTsopVhRt%2B5aIGQfkATjdbMHN1g27hlWunHm%2B2x2hLhf5xoYDqAJ9KU6Cl1K%2Fl64ODqsLeG9mCijlLJE6xnStgqSe8MwGzBq9XlFf%2Ff7T4ZWJc9dSv4Vrf%2BHRCU5%2FcHScRqTyTnWuA33I9WYcXAUAdMLb
2024-11-29,回顾雅思组合7年夺冠路,28.2万,/l?e=2caascBI%2F09IxmzK%2FaSYCKpEaFKwhwzRkFCpa0Og0mV64hd4JhYhZL80t51hEaLwgWnPbvHrx5hc8L%2Bg%2FScyrrXSu0kmGdpXbHYOjUiChXAuQwFFbyfH3bTs%2F4rVN8AELNyGhskFlQCxz0QqNYBcdOU%2BMsGd0jvgdbmgcisT8UMPIdqy%2FsBvw6e4UQBrPv2uIZaIYppPHJaIoRmIp%2BcejYNA90%2BAmJeG%2FjqBSuSgSPw0IXTeBK0sGLSBLdf41wQgYXZslWwm43fBNe8ee56VuB3COZNmSl3BPWN8nMEA8sgBfDicv5iy1UMSWgZKgZIBx%2Bf5%2FYzYL7jjcS8Ryg
2024-11-29,Crisp被曝将加入TES,13.7万,/l?e=33d0jiFdGVHg73hptKRdBpdosy0bSZDBrmNi0HNPw2m%2Frqer6ncvZB6%2Bsxz%2BBcgJpjsO%2F9%2BKfUW9IQAqa%2B6iQVeaJwhZhcEdj%2F6b3FXGTOlnEM%2B3KEnGeOl7P8pSc3Io3XnaEUCtZBe6mufYxQjC9xUBvk8R161mwIYwN8We5zZb%2FXiKcdsVRFx5nFYGQ8NpyJeCZ6ETGaRUmnKzhDFDgFZ2OLkfdhwjHJNS5ymZT0%2FOCVRlv9kzBRE
2024-11-29,王楚钦林诗栋赛前对练,18.9万,/l?e=990bGcFessIafxRLnqWViBaztnoSyJfM%2FxAkTfBvIyUAVKiysxjN2%2FGmYBwTgMWfu%2FyLkVs8Kf2xx2weNydfNiJYnZjb4U0A%2BmiE230hvgCHiuiWl5CNEkGXuoJm5p6Zo%2F9PqNm6FGjeB6JgCykLMolhN2n6iZjghi%2BM19FYAJMmkIMKJZz2f98D%2B5hIL1ouAqmdwq9rtvP%2Fommx2GUD%2FHEv0DEiMhP6GAu1%2FkNstO0WJbAL7AEm2yZ0tidVF2og%2BnahRKOkVJLSpTCfM2IXZx8TVGl2qLM9h2bRb0WOohaNx5%2BJlhvjr10g8D08%2F9YDg2cVQ4XxAYy5OuKK
2024-11-29,iQOONeo10发布会,11.0万,/l?e=11f26iMO3%2BUrMr%2FGo3sFRL0fmsQpsJR%2BC%2BHCWsXTp07IH%2B4qpYQsgC%2FrrLi0Ti2j9Tk3l9Dk8qHV%2BrLRtZ4ScP5dOhtLwbXAvtwdzR8qoJrgQLEBvLw%2FF8xwAwaN1dov23FSiJIBin2yE0mPBeZQQpIw%2FF9I7u6Z2Ys1kokQxwsYDxXM2EDBLDR8L598HGTtZT4oe6J1iveIlU17
2024-11-29,安以轩老公,18.9万,/l?e=d437%2FnTmYuLXrSE6yTCKIsvVI2fPRfZro%2BlLPTUK6Yr4dNutT5ZW8iQ%2FTvdAUyQ5b0r5Y3oMyTzJEBk0Y%2B%2BP86E4R2Gi4hgRZA0PNQAb67GZ0R%2BxAB0f7bBJnRJ8Coj2Q6bts5%2FCKzh34jTN8oBHWzUsm%2FKslghHc2HxLqqJawk2AOE5uKK50M2gNptNQM%2B838c2KBVMdmZOiiEoF9rcaq5dTT8RI3j6gEBB%2F1FdfyiX
2024-11-29,纯白无瑕的新疆棉花不容抹黑玷污,16.6万,/l?e=c4524AlELXayCQAJY4JSb%2Bz%2B4pqb1WPjwyAgVl8lT7jacOqRVUwhWeaGchTGj1j6UQpZESuuGcgzeZwrg1xmReqXxMszuLSPUwHyLwNPeGuHSG5F%2FwYwuaPFmN%2Ftm%2BAirOEvO4HaEN6mGHbarAIYIYxB4gwULno%2F6P6OB43uiLQDl7j2yPr6ndCY0JZKt6zI8pAnyh5%2BjVt1OhEXdmuG3w4yAQDJm4GRI1JnZqJ8c28NYddKpxB%2BPPpu2yqdufgHaA0DGr2D0b9uJ6rZYIpl4iAwchDEp0dVFGI68utBtgx4RwviDv%2BFvOdU6wWfkstsV%2FWAtPqVlM7WV8uAmAz5Xq5uxiJKdFO0PBWvumGOlGy%2B6lMMqxa%2F1Y2WwbOhfsTke2SJwYKQkvtjbV7brXzpBN4RwpmV9bJdS%2F7Q3VRpY4FJ3bwma17D
2024-11-29,千千阕歌和夕阳之歌合体了,30.1万,/l?e=dfae3GfewtDnUovWbpPnz2XJ%2F%2BAHraw6uprB0CGyvNDM1V0f8z1HsttxL6s5uI4gRFqq0pm30qGyHVxejktQe7uh0tb4toyIAZknazzOnlbUm9%2Ba7axm3aL2waU0WK14fpGMzFf3Tj55HvfR%2B2Kh%2BOEwdfpWN6%2B4u9SJZpIQcZB%2FMx0%2FM8idaXfTKoK4aepHZvPuXl%2B5tNpim1qOxZ4gx0%2BjlR5vY3hhtlPqWaxcVRQrBQ1ZvLUUuwnjShQ5fvoToXXyJCyZrBJafu8ap2%2FageGu%2BhQpTz1P0rUMOfG06IhLHcvsN6QwTnqhQYDmspPoui1C6QsHR6u5IAJ%2BukAJ8%2B2nphVmgIC5Qgvte69J3RaQpZa0rhfZaafE
2024-11-29,刘浩存这段像在逗女朋友,17.9万,/l?e=89ebNelukPZ44fC4hyXagyRl6%2BvR786y31fw%2B%2FHKNipZhifdElepepfBc6AnTqNEnA%2BO1HKWUkv5N03sq4CFn3HWJ0M85XL6cMukUb02NbRs8A8X0l3F8M%2B7q1FPjgW3Xc7K4CdrBhF4I51ysSVAOzs7FpgWBtiVZvjLQAARF6fKlBa3o6GmZIxY4NlW04srUKQPwN9W5di2w6gO61aenJLaspXXwkKg3FcLjI%2BMNSat2t2UHXzQvvvi7t9Sc2GrAKuPSuuzd9HCk%2Bq5XonCY8ALr9fFyjJPcCBAPsknCqso7vampRXjk3%2Bw1sXlv4OF%2Bld0uzKMJDhUThZDk71d1iWLBmEUyJXJXgv4
2024-11-29,胡成背后女人四折叠,30.1万,/l?e=bcc4Buf1qI3t2KvyVJDFiDQPcaIpxPc5giyVMyKe9dZjNLVNApZks4atsyG4zkKy9MNg3SM5cBbDV1r2wBo137fO7MkVbxLBDPjIfzlb4m0fAf1hhDb%2Fvw4G%2BTycS40HUygnJQXqb2N5OZMJKBPeguUfQqFb7gXyBhN9FLDxeKfXeGzHORYh2wEDS8TSA3LlvVEvCfscpflcIUMk6a684i9IG50snypDstcLN2a%2BcS1MQJ7oRTCW7Bz43VXXEKMJZRQXvvuuHOx6Wr82R2zbH3eTb0EaHdGeQCmJwvNDOYMSFsrjxY5jDkqYFC%2BU
2024-11-29,医生称张咪术后无法高质量唱歌,28.8万,/l?e=521bOw7zUBw78GDHdJQ5euWj4OQGzSQATc83E3bXkTkclCqM2rwX35%2BNMuajwA8XY9kekAgCLLpXdjxV%2BNkhX7X10U%2BrF4rU0VBqcpTzvIefHahrUs9y8Y0Z5UoW7rH4KbigGzWYpvBn6osjeNOYnaMedLTVORIYFhXr%2FuZKh9tzzgOvuCHJToJ6CBoCd1lRRmZ5el%2BMNghTmqTCuScH2NILFI5pnK1xLnWJG0eHlyQf2QFa2iG2y9j2gJGE6b%2FbOX4kELj9GUmxtnWE%2BdMKM5dJpO%2BAUSXKkbsSZh8scVGZrJ5JyaaIs0VuuJqKyCvP7h9CKdyX9kY1IhJk0Xnj67Wx9oZP3%2FJ5UiU%2FSsWz0nyVafDE6p42EeGPTJFs4l6QXbLT9QSKwS5pjfApg0pobELpRN6bZNtL
2024-11-29,从太阳星辰看到港剧的觉醒,19.9万,/l?e=ad19uWtnyGOYB%2F8NfnUhzLqEyEJWuNfWFtmDzjtMW5A9qbPOV1P2I39f5fEHQVZMkkQiqR7hYXgLxXOHOfLz2iaAgDIRy3RksO8c2UrUB%2FEuSIQqKzmY7%2BI400gmAIdNA0%2FCpU%2BXbusMrMvuZRlqihCExKIJz8BzpSyQEGMQ4B1bkj%2FUn4rQXIgB6fdZ88F%2FydY6ZCAXORY47ufSiH2qFceJ2gJG0Idh3SvhAB9Vt5Yol1lTTWsgYFomlI9eEXTXgw3ocgqJiWzKJXjiEmlhxlB2JbFSRGAbU%2Fk37I8Qv5n91qXUpm%2Fnuyk9QAIadTgnR4gWkJY267k5RzNaxN5weKVQE8Z2AxhvZqshrZiCLl1lGbLZxm%2Bhs0ik
2024-11-29,林志玲晒亲子照,29.4万,/l?e=bd4cGvXUAAkxowhUJYZKAv7BjFX%2B5yRHVr0wEBUvaTVjCnWQYi6cn5JQRsq6Cppx0gRJdr7jwI0ri9xR%2BGR%2BjwSdRohKiM3twsT3yubzB9bAkHPHGD67UlqURTp73RVnipyPbHrQR1%2Bi42ldlkedhpv2MUEMEeM9mGPdBG1%2Btx8zx%2BciwOuIoF0R6YtRrET%2BmwnfC9qWjPUI9hYUxjbVD3xO0uhhWYhSDjzo67HlYlWJ97hpMNVoPSWw4i%2BptakcfxLr4W6yTXRySxtUwXdL
2024-11-29,我是刑警 打码,剧集 192649,/l?e=b961cguCKt4xc0vtezO0PJzkGgA%2FCo4lHUkv66%2BZUy9Ta9%2F7LmjhItZXWsTG4zOZRgbaKcmY6zdKuBPf3coGO4v2q49lPP7KwvZ%2F9o6jymY7Txq7DUcA9U4Vb0dYMpHZrDWpu0%2BV0EhnejjVvGd3NLkcNCUOiPQYh726S511tNYAmBLyRoGjjyafoRqjKYwyhHlGg4nKlEXLl9S%2FKPEn9Rzat7xNO1dbF6TNZNsTtprrSgaRJUxognj72%2FIG8K1Ui%2BoZ
2024-11-29,iQOO Neo10,12.3万,/l?e=2dffWIW05qV6e57Li30jaSM7prhSTZMUufRi1G4KmCkteGpp%2BoF0hDxCqGewINM2bTglH0VERNJ8GPuODnamR6rx1xsCLJavsXcndO6bbti4V9ISvBvrYSSD%2FFhi7BD1YVfSbujLt6nmklMho89yLF7f
2024-11-29,油腻的小学生作文究竟是谁的错,253.2万阅读 | @三联生活周刊,/l?e=d8cesIkBp5a%2BVC77IvHcTNTvEMQTjvYaNYsDrrT9AoLADulHRfxJ37t5Tan%2B2oXeXcHDMmz5Ze%2BWDrZ3zgkO%2F2a1NYucOfH9%2Fb9u6b98HeFxRhsz4LWEddsQQuVLgmIDmSEUXfXRDw9NG8z9q9c%2FeUNIRjwayknNuebHneVGIzKhjlHYOJnGX7ZzuyJKoWhInnxUof8aP1JNaPpcF3RQibkxBXRm6mUDc5YG%2BREoMYxeghCLjo1LwOhAQ%2BqYslFqwUMqAkE5oP0X0rmuGIZfRWVGUdjchhWeCXNAy13NrsmnxAEgS%2F4iNc6hbbp9Lr%2B0mV7s7%2FG2gWeZWzsDoJkUC0Ryx92HVtbDQFbI5%2BHNoO%2F%2FCjZ2uMW9oM1BflxKkgT7bgsGWSBVDi1dLnaNGiB2VnOuHH7Lk3kO
2024-11-29,第11批志愿军烈士安葬祭文,487.2万阅读 | @央视新闻,/l?e=e2628w18EG8BBn7uSf3ccLuqlAtSw0TkFfLLGfTSN1XuwZDhrHcZu%2FX5PdtPJ9M8hVWorX3jTwgPeWYTe3%2BTAoFhCA8h89rs1b3%2Fzm6H6cdlSkU4O1Zgv7FRv6t1LJ2QlVAzkm4fVfJCIqwt4vjMQ2ZPg61tj%2B9jufh5wEi8akW0pNgnWKaRZPUrqlfwc%2FrqP%2Fu2fX21GB9Idobb5DB7sPVdArX00%2B76lR2skfB9IDXrCauHAkmaPlDhd50MHs1P4MIBme%2Buss4IrveEo%2FHGVWQ7sO32NsYjC%2FRDRiwm5Si4scmshMUN6oN0joJucCncDHbIrEesurHsjqf7OOTKkKUTzhDUsoqvf0XYrEU
2024-11-29,鹿晗比中指,31.6万,/l?e=1fa1SOYWOBcY8OZWYMqTfiWXO0HekF763Kpkw73FIuZkANDw6s5YlP3fHixlJZtb4E4ktAJEkNKHxSE61kuWU4DLIUpOpLmj1WBgc9SHyrOHBp8Bwyhk9ZX8lc7WhAiW1Ap6FqSL3luDbk4L2zfZcBw%2FBJiw3X53vyhpuHfxc71mDGVij6hpArfjNV%2BzBpudlqI6zaJszKPNiXzm2gLCf6w3KwO6PMTxCT00UeNtp1DT
2024-11-29,丁禹兮把阿姐听成安检,综艺 125731,/l?e=24d09Z9C5%2FBQZAzEatMph1MawS4KG8VCutLO%2B2Gbh7axM2ytYpvrISM%2F8hRJjWxdfHAv3P5c83Ar8cVznEzVtoY5phFxP6muqyoBUMmcqIw0%2BmOI79SBW9podt%2Bhv0TVdXs9o0dbqQR7KhXhZJJLOWf3VNToGegi2cRap2g%2B5gSAQjI3VMCf1Ze1%2BMdBbl9Sxvv6oAbsNX6pL6z2lYfAX0mOZIV2T58FyCHp3x4q%2BJieoAS85PGKOy5CDapjF8TPhSPvEIcaDNulABG%2BMJg5dynLF8BpkMsme3J3BL9I5xBtxsqol%2FlqwKU%2FZShq0LlcTrw6iX9ikXBpVrok
2024-11-29,贺峻霖一路繁花路透,综艺 106146,/l?e=e547rEgYeMzHE7EH%2B6WZ0iLRLv6xAZKHlYGgbCyj2d9kc5rFVx74sl%2BwxnnzOqee0PyFB7Jykd3Z3oJijo2OeoK%2BQnOYGV5dwh6d5jSbhmCdWqUb3s%2Bwt1m8%2BMg4virKonCaQcQvfu6WxFeU4C8kMmMjv9NVMWRqSYQbF3Igk%2FmoOZB6E%2FTiWwZFGxytAnLuImOb4BII12QhlUXebTxFd28MNrpGh5CPLfRcHlX%2F7Ky9aT0T0%2BXPZRUuH03BCeuriItgrZJs07YYDitebO7RcyETgspBuvkLlgpljUqfckwJxtEpapC9P6fafnHK
2024-11-29,杨紫 家业路透,18.8万,/l?e=57fd4z52d4H7nFE%2FMRxmcSThko0Omc9wiUMsihGZpovLMp7Wt%2BwPMvX9x053TBEDthgosfcIXR%2BYLVv3sC8NEEUVE6bWgNk%2FmyxikAA66qd0wzBdT7Kf65Cz6ArarJid08fGGxrx1UMlv7Pbkp6merpSQ5CsvvGqioO3PQN1aClRG4SkC5jJCri8hYPFSd%2BpCbThN0X9b9jdIpvBMPcvmjk%2B7YC8vX1ddqYpXg02iMNIkUBtLxzRLEamXU0hfs2YueIR
2024-11-29,新疆棉是世界最好棉花之一,340.3万阅读 | @人民日报,/l?e=999aOew5CXSEPUezG8rQeF%2F34GfcLUBEU%2FHi0DZOZcY9Yrs7lbATz2SES%2FHtT%2FBAJ9q64tjbMbK8i4q4Fv49Tln3uzLYFpFUyIr4MKz%2FUxlplHLZCvCsESo1iy%2FzmjhYbrcsflbq%2BfOvpDhKaW48DItVtl7T8Qa97TEn4xCBp85jFqVRHxv6sh2iKWnXIk3DgMt3j9AuF45l411EXv1lwdkckFNTSFHlVrqKAW3aHoUHDBj0pBTwKeM6LUkP0QZzhl06IZGmgffpXyRfLCcHThCsvQZcM%2BzpubTOQOOAvJhCYuvac%2BtXQyVxKrb8y9B1fP8Fu9C%2BTrCgnE58Qj5H2guaplh1hxp78Xi8PO104BDX%2B3I132wt5aOL
2024-11-29,蛇年春晚看九命相柳,晚会 249974,/l?e=b17fWdp8FA64pktc1JAfy%2F8Ubro82zQU%2BonvA%2BsDgURPIp4%2FN%2BVHu%2BSXLhNlzXsj1hezHrdwX92T5wTULahd5Z7VLgsCdtbebe93yhD08gmyXaUONTiP2lcEVVDz90pS2vpFJ%2BEkG6gLRoF601nfoIEXLyW4z04g34I4l%2FkNIp0uuQkQNUU1j3entZBWFy92C1VntwyHtPL0Ax05liTCRDqYLWDBaQOHT50%2BPQybpMTwkfzVg7JjXRkDY7zSCVBfOkA1aY70h%2BS8HW44RZF5nVLVQJf3bO37dyeb2c09Pin2IPIIkHPA4LtSllps
2024-11-29,张婧仪眉骨阴影,24.7万,/l?e=8ee8eHdPgBpE1Sq3dcoIIiKAXbUJSrXz%2FERbqYXc%2BhjrPxDJRJuXibDx%2BzdvGyraDji3GgcXKCpm9kLRNyKwG0y8G0WIZM38jdJ8kqWzuOgDIIK0HX4HQnK91bEnLQCdSbqQIcOLFPMluqYTJV2Ck6wluQol9PQssWKBDjvGfie7g476NumCQeUpjVbFmPCVU8ydg7WTQyHFYNnCNb98VJtVAiJzy7gJ06qm9fSwlCAu4thYuOi9uNHB%2Fl3wozzHqaE4ag6IrBt%2BfaE79PBn
2024-11-29,郑思维回复樊振东祝你我都一樊风顺,26.8万,/l?e=6dda9RAIiUfIsBNcuyZxC2jNBUtrRSRx8xVArDIi2zGp4VV3Hkb4hv74IfXo%2FxjRhb3HnTq%2BvPHKd0qh0MbUwSAfDeuW98DNSC9xtzkxiUECNPU3EvJ7cYJp8iDLivj7KWjuqtoOqNb5XljftCO%2F1rZ8MP%2F%2Ftit%2FdBVJPX3Rkl0wxP5EYKEodPh7%2FJ%2BaZ%2BZVtpgTC1d8dzG4SLxzcIGxXEpwhCqeC%2FE8D6RvIOr5UetvSAivoTgNnaOdTRG3YKvurht1HjwenFxEM930DaAoW0anpDtpPswBEdgx5nwjGdhP9KS32%2FNQolwYHh47l3ylnt3TZHkT4N1ybn91HWTPXf7rfIgqTl%2FCLc%2Fc9yxDLqug%2By4J%2Bf8hjE9k3pKUx0SiNUWoiBlxTjfU5ue37KubJuiQeqnM%2FNjImrEIUhhO7WuSNxFm9iY1geCzbZy8WQGUkVGnMRpD
2024-11-29,安以轩老公被判处13年有期徒刑,1790.0万阅读 | @潇湘晨报,/l?e=cc3bDpS6wC%2FPufNIUoWeSCXbA19j1HhmMaxR7HtxBrjzJdxFo9CCiAqSOIF3AB7ztzROfX%2BmIzXDNW0FJ%2Fe1SKulIGrXCV9n6wjCrIBDmquKCXxyZSu6KoVSVZu06G0E4Y8TBGrwOHMU4zrjv1FKe7UJydEuK3%2Fq20q2UwosfsVKXz7xb78ADKUMYeuX%2FqWP1%2Bh5z7jmwILkUZPH3JGAdVBIBcRccgkWJKj0NtfY1AOVecYu05VKfUUWcc69fofh4%2BbGGPL4KagZe2mNrDD9TYn4mpDbmvJJw0b2yu%2FrZgvonuPDsjFxWHVvQpw2n2S5NUmqBg3K4fLdDo0t4xwQbh6hsskUlBPWDiSie87hOVvGHOLouW%2FXElV%2F20m%2BZ5loEFOKYgQtB8kJInk
2024-11-29,iQOONeo10双芯战神,20.1万,/l?e=d8da7zAUlEBOFsUQofQBZGSZXKvX%2FP2zpCFUn4c32mYK50bkbsj3eN7pQGb9IjAfoDJspPKFPLnnLdYh9aLoi5or9VZTNW6VSsgiGRoZluG9cZudTiYERLIHv0hUXJ6zpFIi1QCg48tl%2B%2B8X%2Fo9QSk5esqg2BqILQkwnw%2Ff%2BVvS%2BWfJdRWiQB%2B3lP4nHFUDyoCoubav62v1TTwv6yFng6SSJUIoCCFWgtT1v
2024-11-29,周翊然周放一搭嫂弟二搭姑侄,10.9万,/l?e=bf2cQ0t584JR44ZiWZl0fRCDbYTmEbfYzb%2FXa5mlJplhXv8cxheUIlimSXzmhLTRahFSsBTkGcbUkCYhyOj3Bvh%2F%2BVQqoy8TmGpNQubugIhXbekQBuMVZwVM1CgRTNgdGum8HW9itteucgKWbPrIzhiYYGKrTSDz4f7NDweVkI34wM2gLKbevfKUINv46u3Fm6z12Zfb5IsbQyK791comfqbimIrPQb0IpR78Y0rd8m348Jvr5L%2FlegM7w0Gs44N5j6vr%2B5JuIyoZKvnvZpFVh%2FZERaujWuhgp0XBNa9PjlWz5H3TFOLEVVilP7JR%2BWdF0WCSScSmduWwjeQKD8kJ6ECIA5UFcRBgMopy0kg2mLprEbNsSOgW5lEpcCbfn2%2FaqNrbpYy1l3m
2024-11-29,优衣库客服已读不回,13.8万,/l?e=816cxDh%2BNiUzHyDdIdsl9AkonpPO%2B8LrXxNGbepIBBxgm5bXwmBen1sPYh1ZArTq3MLJCOMiiyEwoGhfUB258TbSePgW8RNN2%2FCELepu7G5LUX8Iue7h87pwwRd20yIhU5aDTUDQj%2BFHpvbUGrblKLAfQkrSdV%2FSLSux8q2EIepnZ7rADBd3msyNUyPPKjI3TcWzKe%2FWv%2FZE5kyoXV4ukS57INmOGkZ5Skn5ztev6lTigo%2Fr5zTvrJJwFYp2E4dpPnF2a1dJ1PqnL%2BWEX42IoM2yMjCZylZ7bBntDD%2FKivhL%2F%2BV6anv%2F04nEceFD
2024-11-29,樊振东对郑思维说风正一帆悬,13.0万,/l?e=16d4suz51g5cwlacAITBCmftC5qxWPMTwfOe7F8ZtIjTPkz7%2FQuv7DmWOoqYS3AvxagtoF%2BmMOPBxMx13D1qjPjfNZyFsYyBeJEAOab3%2B8bczilmef2tv3xPYgBy7Sn70%2BRxBjROrbSclOln1Qy%2BW5MJ5AzMgS9dbpq%2B%2FW884l56VPiDBpGlqrFM3NEPEHvkMoUJaSE4DrmER%2FG1d5xGyTroQZsaVPtsdljwte6km4WTBHVI8qq5wJMxc4KAhGXcJE916%2BKf%2BavOO%2BNj6AFeA2JFNkFpEp1LgXoJBisFibMwNvk%2Bx2kZbK%2BeW%2BabsguNRZCk8Ta5EwSvxyeuUSD6Vd438pG3BG%2BeXPadSoFW1LbUJAzxi2SKD0i149%2FNg7ZSKKgP%2FjNPnf4%2B
2024-11-29,优衣库在华业绩下滑,13.7万,/l?e=3ef2lV9dOuwMdEq1NH26c1j0uS1%2BSnhPmkVETh2HTY3YD08VAKew9vu%2FfYaGIgxgxs9wZyHRMPazmZHzx0kV5kRoMMZ7gB%2Ff4FH7RQBz%2FYldyrt5WhFZGhAVa0FjPR7iIej44DmYwJVvgju6oRmswzRKxw4BUnY9jnEQ1RZhWDdXouX8EPvqeBP2lUOtpI%2Fi00gjBWIpTBSVZA9S29zlx8XQ24FxxKB1DGkM0Oc4h9q6LB3kHtxO%2Bupb9%2FjZhLbO7Mz5ZtDYSPlHrWGr4WICowgm67oDzEG2JcGwlrnSSBVTbXONCiMXmnWrCLgW
2024-11-29,2025杂志超全订阅攻略,,/l?e=7a41rLlpjBG0VhfmAC78lpAFcb7reYNS02tzDv6jmSj6778Xs67f9cJv3m0KmVjYHJVAUmsBjfiLOVOOBC0vzq6TmfFbYA0DTPTToKiGPkvgaaI4peI1i%2F%2Fammu3LJgqJtT1VRCjBJxiAkI3zc7Qqlxh7iP9wHi6E7tcvk6IOBtA3fYkU%2F71mjKEZbzYiP9RN0QEakXqAaBbTPrfuvEsSU8bTQuW7Ti9WZ4BVxUPDszMUhM330wzS9oMS3wdiTu66GD6m8A6ZsbPb%2B3a97Lk%2BlY%2FMYDpPD6Gt02%2FuSPL3y7zHw
2024-11-29,一年一度晒家大赛,,/l?e=0e3dqf4bcTob4CPC0bEHiU7qUS94NwI9NIyzA7l6ipIzNicLtlph8OKc3A9tQGpLSxRX41K%2FKS81KOKJuexsE%2Be1gi%2F434YPYY%2BWdLA9o5NFD%2B9TPcY41tdDf8iaJGiHcOM6KehFiETvZp4Tm6afu37PnqNmeGZIPzkr1vwXceEZqFFQVOcWBwzEv92Qtj%2Fn0zj9k7H4E3SXgUD8nnseD3wV7HIapNOQhuFnx2JLm%2FvmVGSKUcrGRnyREHVCmudHOfBduLYZgzX1qf%2BwalIlPLprhZpj%2F6zqOoJQw9%2Fv
2024-11-29,A股三大指数11月收红,14.4万,/l?e=749faapnrNGi%2ByRHgke5%2BmGl57U24RtE2vSnA%2BjPWPIjbLP%2Fu94ESCKNfr2T%2FBX4AwYihjlzH7T2dj5IpmkxpKeUxRlCvG6w3KWouW1%2Bapep8IZsGMPE1F8YTXGqFi4wutPuBf3xsY57jKvs9%2FRKsa16V%2BIXQOhX6PBlBcIID8TNzMcM974ooWDfrtp2mWtuGoZMNRja49r9OC%2B5LtBL3iZfb06yJ0YqAx8GnaWBK2xksswxqXJocZwqnouFv40WdCKL%2Fh%2Bz14i4S4V9%2BQrV0%2FidfMwzMsV8xgkwSaq4R%2FpB
2024-11-29,澳网亚太区外卡赛,11.0万,/l?e=3a59bFt%2FvrwBYEMGid%2BT7IecTfmWnf%2B90Lw9sxBHSWz6HWnSzeHC6YFEgmkflu7iAgqeDCoG4fV6fvo1iMgRgSN2Iip7RZ53En2ZP590Vn8aBMC7CkkvH87LbOTEiDQNbK3vyN3RgM%2FCNhaJgEw3UkYCMn8aTNWNGxDGsYhjLwChLBZYDgZOXlshk6iHq8OykY8snwS7iz5ZL3LLonnriuzP9KBfB5WdASG1VP9bgDn2w4pLmh0xopyyjlclAAMFxgekTsT9%2B%2BExxYnX57KQamu2PhqATsn4Pmt8cRck
2024-11-29,龚俊城市雨夜撑伞照,23.8万,/l?e=cb97gduN1xmGTejWQ%2BZHfu8yss%2FEFX%2Fyid9KwuLWLweBtxenVdnaU9x5SChTG5hSTNk84Jt2WzlwIBmwLY8u6y4mlrZwWuK4SguZ0bTAKiT5%2FZrRMYSuOiyXHqVd9nWTSDlpQKvQdkoOzkhfd5Ttq8nhZRR%2F%2BZkjJqombhuTjxfx5xFJJ4N6%2FzNu84Nf8KBWSKuf3HFbF9mXtA4XwmENHrKJpJNz5Xb%2BVUTnWLkfuR%2FCUyxqf6kgCBh%2FOaEGwSov11mXABQV6AaT7hXwME10%2B8INlQPTpGKRPzteQ%2FXVZa%2FNAQSj3r0%2FFD4oYKur
2024-11-29,郑思维说我在杭州等你,17.4万,/l?e=dcb5OUdBpjVwviECVIKkvK%2BxWhje3gXU3cjqAYCA%2FJ8u8M1lKOQw1zGegu953e6nMdCGY7t8CD%2BhZ4CLwvjfHHEWP44u2YTWA%2FJBXcbi4ncH46vtVrFWTK%2FUJPV9JhccCeVbrod6RUHtETZOPC2a%2FHIpQYuLSaZd%2BnN77vT95IFCqSOTWL1UpOWHreapsgdsc8mzW%2FwTih31VuOJV4Ft%2B5IuDQWiE6XSU5hdQpG7UhnfucNVhAOEgG1cIYkey7lh70%2FDcbbGMUWYObyo0RsJd2KYvRUvGqhf20FlkVRlByN0YfenU3FSKv30KzftolUBrA0eAX5AkWPrqNZU
2024-11-29,林允滑雪妆,20.6万,/l?e=f265%2FRsfHtycrUYKEOlDoS4zMogqPivOfsCw8ovVrjpQpFFjkCACqldZZyPcTXZ8i6KIvCtw8NJ7b5A75nYwVKBat3ruBbHFpiexm6geldI%2FUDtCVpWNPedXlYSEijpW10CAUI2%2FQSXmFH5KMhowfdPVc8e9tShQbXjVZgc9YxfEHH973wcRDsgp%2FsTSS3QdwHJM0nye8MC4TANJKnwuc0WHb%2BsGsTBDb6i6TUQw1DPg
2024-11-29,侵华日军日记曝光南京大屠杀新证,221.8万阅读 | @扬子晚报,/l?e=1b7e%2BVIjKhmAFpeOpKpZHsivdxtU2YaYVpk898PoHCSN6lf%2FDyy0ikNrn3%2BEeHbMRLKEpnJcimzMypKQEvKTTZmZtZvEozx2HggKjN0UuWYpRaqJTc8hNm8yz4DXSPag8AhW9JOlBoebB1DoqWD50HMup08vQuIbzLOQjCqto%2BTNRWl%2BmDmyoHqE1l%2BWjjHrpXVW2ARgfPYbCV9tKFPAh8ZLgnDUeZAS6QSk252rx3fagaROTfgIXQlmIaPzZsqe6THLcRd7WutsB0zs9HStvYw2oYtbGDvw1URtaoFO01scKMSbZpmpnr2X3P7xZuSRhTq22q1duu4vNSjvj67BLoLfg8W3PlQDea3ZYuv9jxBodLrDa35fO%2FrqcfpFMyweDj7VG2Hdmm2skmO9owdo6xRJTFW8BL7SBdDVPIuEvmSS%2F1pYbfjc
2024-11-29,国产剧奇葩婆婆又出新款了,剧集 110629,/l?e=41d55ZUKBM4mPr6PKE6cvG6ReZ80aFyTbzLeu4wx9oqUmVksqEV%2BB1IjiJ9agSdZZ9E34OghG9NmigW364z9kicusri9%2F5XUb8yalrblJ1Zzg5%2BFlEaBG%2FgxNFS7nbTquAosLdGgHeNXa4eIPl4NLLcXaAkmRMiMGzCr3WM6T5HMnwdbu9ogTD1oMkbeGRZzP0hD0Z4U91bmuw7Ml8OcCHmfb54nAF8svm4kT5p8L%2BCk8ivIZDDNANsIoVGFHRj%2BoG%2FXr7kiRMUyqdV9rtnzutnDT4pfiC1gP%2FJIbCoOMqH%2BQ3ExvcjgoBnrUMMHQHGf5E7eM8doxoAoWIV0pJ4AfQrNT6h4qesMd2fAtNZCgJ1FlCIcKTFPMMAk
2024-11-29,为什么刑侦剧多在东北拍,15.3万,/l?e=d08c8JfCZwX6XYJoNInHYEm0TPG88f5kh2yc%2BHpmu1YWNTprWWMgVAmLN9VqIOJ%2F3JDvyqDx7G66XPqmS0yl3C%2F%2BtUK4teKGOHGIq2KUagp0Y2Yv9VKedC8pCgfXhxBCtcmuyf7OeRP531PxGWgFVXlkBBM6loUVd2t2yaWHedT6b08yZClYC0dT6a5vHt2WJEhfrqhTF7Hg4%2B8gSw9vzeNvUtRZf0xiNLhMDfi7vOwEbSOOy6WpFLhv41OXvYD8ZzIpsiVOtPJrRFCknDone%2B0Rc7phIzcbIDC0Ivi3WW1Nj4cdU2dtE0H2rNz7jEFytmsCHFryO7pRFn6%2B9S4wNbo75Wlvh3NP5OK3
2024-11-29,周密把周芯竹买话筒的钱转给她了,32.2万,/l?e=fc3bLd7mQRO64dZvdXyfhNTtuGgwN7dBEbFi%2FSdNSpe%2BtX0RxqK%2FFUDUxxz20jv8Z%2BOGGk%2FTf2Pvjcpgtl63PVENiBEPrXYFBOq%2FKQXrlasNy8aa64GFF1it2SRzsinI5wgSiYPgYo5XvLBy9EVkVxngd46%2Fb0OZ7FxOCNj%2F6B6pQNUcPZDoUDY%2FCykAVlaofftSnoqlJhyyV4O29nxt9Xxrt%2FQRnHgRVreoQP73UZUp25d1PgrPgJgj7FrFbs6esd9c4exCx8C%2BNbBIqbYNeUqdw2EzCzg%2BEUfQEA8SD1eDRRYsA5kx%2F8f%2FG%2BABoo3OPL5oT5WON27qmzxVY%2FIJjTH%2Fz4YtBzbT5NxKb1HE5yXqJ%2F1IEKZH9oB8Jqg%2BXGQqTrx%2BhwtHcBk4e5n1GmOpFDmKKwxeR39yGxshP70DTchGTbKgNhhY
2024-11-29,贺峻霖一路繁花数箱子,综艺 132683,/l?e=d339ai6wSyX1nyhsG9ut61H9s1cwkp%2BVBFRzCPXybyIgivZrJMfSX8Hqny6zBP5Xqthub0RO6X0K2TEzlOwduFg72jvifoYgAA0U1IgGSfNceV33XOEBzVF0fKSVZK2PmLSM7dXLtZiQGT1lyqY43nOdKnhwld3pEDvrddLYXOp7tt3LgTpDwnFLMAEug34bftzQ7Dg5yBZa3eeiD%2B17f%2FYOgd%2BWA4DOL8MzD1Mt9c19YJXJUNJQgwdr%2B11Zr1%2FFhS1VHOL9ljtMODP0cUfGvPD17OwUxba9w3PlZZmc31K7x02%2F9gBE6L9Pa7T1lQSA6khNOJkLEdBfyETn
2024-11-29,女子在中医诊所遭性侵医生被刑拘,15.7万,/l?e=2c21hLcQ3hoHqgrfr5wKxaArB3eCPCOa2UD4OqU3mHtPat5mg%2FNjTiA4K%2FMrnRMR1NSVaNFdN0LYIfWdVmhbnSRVsasUAhr8E0j9JbRQJxBDPka9fTM6O8TrLuaUS391CSnC4xs6jLdqzVvg4KoavF0mFenVN%2BjusTE4X9WiaEzBtzhpAP1TKvB2o6YuBGAAEz8nBvG9GC11YgVQqTP15GLGoghaM0%2BfQIQOQGlsTd4%2BwEyLjbjXLO8dNdqE0vM1tMZKUaSgCANBj%2FHdwqhmeyouJ8BZFiFBBKhQ%2BoH7z1S7xmEyfSyXzFm%2Bo%2BUqkEBjN6cIC6Am1DIBdRUe3%2FBTITDxC4b%2FdV37KnuWdJftZOJ9UVTa6HTeAca7kIVfMDx%2BCiw%2FvyJIuvvypPcaOiBg9oLNUzmA1nqPo8LfbPFf%2FeSkingCjX3w
2024-11-29,印政府还在用被封杀4年的中国APP,777.8万阅读 | @观察者网,/l?e=2a45Wy1DR7PG9%2B03lS%2B8a53oW%2F88IeHf0%2FLs%2F3BECvZPBb6rtNRWmipmP1tGlxuk3BEO1U1yARaXe0MFwjsDpoIm7PCqLGBSGsq790Q5T5HWb46kfCMduXqpsnw6WmCqG9R8M8dQgqGHPGNd1Sy1La2N9Ko%2FgpqcfWSKenr%2FnGiEu1UCX3QrJeZCL68u0SUSw9HGlAjpuPyajqsuYJl9XFyvprNRELo5WeCmRWCs1MkeHphhZv0QzriFofi4r%2BEqhPXxfzmApH5SW%2F%2BZJYeHIRccfUUp4aRh77m5T2uF3xzYYnqsve67k7Wgs0t4EBACd3mFTEZ3jfED80VoFFDoaBTQ%2F%2F8%2F6l2YWQBUl523R5C%2F9D5JBGZ%2Font87YaXCRlviuo7A7fIwRKrAzKEHw
2024-11-29,韩安冉称do脸模板是赵露思,39.8万,/l?e=f360MAjyrliq2Jlsncuy%2BbnTjVQTAHTF9ZBItZEmc3aifa92DMhQleAqzwPzLoCrT6Ua2F6kIWegixH80GdF2L9QOMZyoEFfeKeHXaM5nXuT8cZD0PxHhpWC6MV0XAub%2FbfAL7znxB5t%2BQ2CEH67%2F7IHufbN9kWVWmLie1X6HzLTxmOwpty80OO2R3OYuvvfktf4GaQpez6xvd9eQKt4o6uMUys8bmjVZwObwjDaFrJdX51Wk5qnFFtsjuavN00hJztYkHefHdESwczISZg0orv06tZxsQ1IMkZJqBtMRlJ4wlaqin5f82JXZsFdIdmY8Y6Yn%2B9EsZjbGHEq%2BdJq3KnZ7M2fiS%2F5f0A5WGg
2024-11-29,王曼昱助力亚冬会,28.0万,/l?e=118b5Jm6tM1RO1a1MEIYnIc906yGVboiwRB9v7p8aFz0SHZ7pETpgM0%2BKVx26CiPrHvP9QChuC%2FpUleFz0Rdhtqd%2B7RbDNI3N%2BfcciAaNzOyj03kO1FMGlgdC9V544AFCkYELcR1i5X7URZNbHWP42YkNYxvbWCnTcHV9K2swJBd9N5rdUYTyuLuRRBi8so5Dkt439623uL0j3cOqqiG7zBzAuBHjguv0WZ6AetN39kENToUXdHkBCI4RDK4lTQBJOD4U%2B3aqb%2FcOWhwNTTudxRt53OMtdMsc%2FlXOxoU
2024-11-29,小鬼拍到本智性恋心趴上了,29.7万,/l?e=3519dIimgEBDriu1SeEnSMq2hL20bOFiuUN5%2Fu5%2BEJrOGWYd7qzJjxPhLYI5wjj1I80YOI8VdA5wT9v5mWK0gyzz8i6Ci9Zou8xpYQoTldy2vqxWRZEccgNweFxXrU8iqCa4XMNuVsHoyt%2Bao6C9SNsk9hU6r7VxJxPzHKjDmKEgdocC0nfVe5iekzKYbgqUsweyRF5RuiGQxlvGSvk9fkv0DtEtIgr44%2Bkgs3TdBIHuMb3ohFaoe%2FwzeE8Zs1cHTtIJxViv7l%2BqddweliUWrXJAwXyBrpS9n%2BppMo9KgvJwnXd41hc8PQxIjfS88uNuinWT2QkYMgfGzJ6lvfrdQE%2ByzTTULK53L9Jxkh9wcgOqu3GbPTeyYTTi
2024-11-29,外交部回应优衣库不用新疆棉,3021.0万阅读 | @国是直通车,/l?e=17e9gAl%2FLovJNfPbI7byEWxrgz3rmlC4zq21y2tG30zXC2BsCTmYZhdhV4j41d0hE5DHeoqbpk8rIva46jfSoh7hVUhq31Y4pXgdsZVYbCit%2FJ2fH9IMuxHa8oBiH8chEEBkcQX8aZWTDxbGgiGtAvYwK0GD0x191BrArzYFNQqJcywI%2FI7y8YS09tMxSMU%2BcN%2Frptqye9kocNTJ9VujHK3FY8qh0FsNKS6L9e1JqClq55T94k7nVRou1DRMrqEwqP7Hpo57C13RLbV%2FCDtNW%2Fn46P4GpFfNHD%2BaDqPDEhCPafsem4hro9zxWeGZgXb2gseKgIQPa4LqgZueS6kk5acoHcuvEySWDVf83pfui8GhdTfFivfhxLmeBtuyGunhBfbm8x9lbo8P
2024-11-29,李昊 活在我MP3里的歌手,11.8万,/l?e=5c9dWeriZj3iWKiayrbYLNrFbQLr7WNeTarSI8xlpac7mnY1BMPyJNW9HMHnCqGQECg1VSWZ7%2B0hnjuEb9eCyyo%2BTcEtymZKP%2Fo%2B3abbtSJ53nyo5CZWpegFriziQeq28J8G4dU6CAeSeGdmi9b5eSuoX0JF0j%2BLE0wYvcTvmKuQh7q7b4TwqUyZE7PAu7AyazlGBWKUXzMjqvXNUScZvtafMlBvWiKe7RwtQAHlvh6BijUKFHUDPLSwRf1pIAZMTcWPvj1juZxvaNJ%2BM%2B%2BetTUGpR5n%2F%2F%2BhhNvF4HcBHK7w9TLllceWwr9rMKmvEIj%2BuOFF
2024-11-29,导致胃癌的6个高危因素,28.3万,/l?e=1d16%2FUHV3ZCpJXcua4DwDO8kn93kPGHB6%2F033X%2B8sdfV9L8FJD70eoXV4wcbCy5RjFYlKNqf81J2YK1wZkjf%2FzumTUQUewNeOZPoeSaXYGQM61pyUMaWFTN4p9UOtTDrM1iTlpZqMiRMXZQ9iUOXZPuEtSUju%2B6BLKkhMo9iH2YBWXA%2FempEfREQHuQeVND3RDOTuddLBg5epJL1fyy0LchW4Bf9L5rR2dS30Rqo31oRJEntdSW2JY786FEESDwab9u%2BuaB1hsze5aDc%2FA7YrUMtSIQ0E8ySnwlzyx0%2BvUTVYklszrjKeZ6USOSJvUoV1WaY5heH58gOrHrS0w
2024-11-29,扎根中国大地赓续中华文脉厚植学术根基,,/l?e=4f64hYbtI5ooINpFS2Z2rarbWuYv7dk1KQ2VTJ3Y9Z40xvyWAqyrbd%2BoGqvzqka9N14PVeNC3wbDrwbus1pg8gRZATvAEz9%2FJz1EJ7n4NUV9pgw5MKRa1N2XnxySh7yqvq33%2BEgzPMSEf5nEYg%2B8V6kc1bU9mmUxyFClcugy6J2l5v6hh%2BLOUvFXOlW9xyhjJJXZO1oXGFju5AGi%2FDyS5UsDDncD1pjSeG4AObE2u21RAJfNbMDYnLsFjQwEhIDk%2BeskYuVIob8bM6%2BgxHr0Sjhm7SB1aYQuNFRM%2BgbxeSF9rsNITr5uJ%2BiXwX1mfvcFy2Wixbd%2BDf3jgVrmns8hW9aqm25CMk78pk7KWxJImIHioxRxc9v2zrojFXCT0U%2FBYhEzWd4ywDctcPhi41lJSgAtLz3MwT3zw5R2TOrZrgFi2xB6THtKAnBQh2Dk4OrRde0iYcB6uU5uPv78PSoA4eDd27Fne7s1kWySU%2FHTQ3i2tshF
2024-11-29,猎捕野猪为什么这么难,208.2万阅读 | @新京报,/l?e=46fc39nNP1VvU9eghJHBFufVx8jb37WGBu2wxHrTN3aeHG%2BlLW%2BDjt179P4NFlm%2FyzemBZ3tT%2BflbohJ0rLHO%2FARcHDi1%2FO%2BKMoeis5ML33lg9Qzu0yql2e9SzB8Xa3%2FCy9zMCiS%2FhxVwyWS1fU%2BAA6eIx3rEwbxdJvclAv3lMId75toiglOBLAX97QUMIiyTOIllywiS2WHNs9UW8koi3Uh3y8v0zBIZ1fbd9vALFVCdTyUs8QSYR19aZMOU1wv8l2iccATIMf8zFBFnJMPciNo%2BIH4h1yGY2K50S9uVhLVYOTa9VIP8ZtfSCaUQcUxarPnsBFQqoDR%2FAw%2B
2024-11-29,人民网评白夜破晓,31.4万,/l?e=0f91%2BGmof6eJyTlU4zixQZQYe9QcDcq52BcD0R5X62E7PFkyV6VXMbVT8Djt58g4hNxDCtp0iSKkDPp5mZJpjd5R66hIWJQJchbpiVa%2FoDBCQGHF47HlfPEUfa7%2Fnwo%2F3KgTkrJLLALdgLYc2vdYt%2FdTsXWT27cvYQq2Gr5RA2jqm6HquqfF%2FFcnqEm3JKY8ckGmzGT1b3%2BIn9BvMx8NoHnsuUqGGOcZDiA%2BLRxtLu5RNb5KjZ8hYMDU50U2l7l3TW5uq7qbc4%2FRLaKQjHCyG4ajQLeT%2BljzxCpebSk0
2024-11-29,春晚官博回复檀健次春晚相关,晚会 751289,/l?e=9334047rx%2Bg%2BCaNLn7zPBlUcQjzwAUyMtq8UFKP0H8pqt7H1x0iEGK%2FUNxfa37ba5MLEzb42ggv4U8YfMHReGtujda5ODp2PmOJKcKwLBO4%2BHf9kXPLPvsAwXgNHSK0SaHtUFzzdtuxwz45qGGbwk0hBWEJFiUR4ZgqwCR5fXDntHFrFJaE6uMqWyOkGVZX3RbbnTMvd%2BC1iP42Xt6JR%2BMIZFB9lJwHBQzUfb2l21S7S98wi6wWGW4zzafWaIO5%2F%2F8njzwuVJRFIZ7fYXctWd1S3QYyVOx5ErT1pWdngA1rZZ1HkvMSWiFFs0VCk%2FhUNIvtPXGXyxK8z8pdDOUp9KOSF0J4qJ0I6A0QQJBQ6zu6Hxa1G24l6FEFmoVgP%2FoNfZgzPPkp%2F6Wr7
2024-11-29,悬疑片的反转应该这么拍,24.3万,/l?e=e4b31klfOC2FPfljBLun3DdU9AzsaofkZ87Pc1sDUngCZEao2NhZJZxyYUJSB6MpWgKUxlwhESM22eaQviomL643AYkARQHCySfqt1Zlfo%2BcXMyK2tnxYecSBQat1UvqF4%2FZ%2F8FaXfgxgqnIDVhIn4MqR87mAp6Z1qEkUjogF5Y2zeSJgY5y6vsVvS3ZqzDTnFn1073wPBjHT8DEynustG65G1qTLQwGmom%2B9QabcCaX7uXhnruRjxKgRS4m20UO28GSPn346P3CD0swbh6YYfAVams1KVvFwxF4WM66KeLNjknoWHuYYgczoXA%2FoHGwRnWIpL5FjopqZrGjNrjIVPGV6KjSbF4gxStF
2024-11-29,Baolan晒传奇杯四强队长合照,21.8万,/l?e=0014GAhv5HftiJoBDp5TY7NlFx1xr%2BJkCus1vQ4P0YH%2FbrpBOX0jlb41xe0dcAWWcKzZHpJuBEKqy202UrkQ5MPwYBp6q930%2FmyMqqyOeT1WXHKoVbP3mtCXyASzir%2BKm9N2iVbloWRV2d0FiZzR%2BMeTDixOZ4l%2FVfiTY%2BpSFpOh6%2BM9Dv7SDsvqce6K57YUHKRyd%2FiFVs1s2fwqHTepY2Dww2vr2StTjFQDG4yI3wEU8vVuB3%2B%2FlIvVAceoq5H2fFI7uk05KmfCGAZODB6WwegZYsC0Zj%2Bdkv9XA5H6NSdTJD1tJ6HndpV4C9FkCZ6C0J9r8zeQqJHLL05Ei8TpxXee
2024-11-29,小鬼王琳凯风尚志十一月music刊封面,13.5万,/l?e=4207gTsbkZI%2BFLU0aQQBLzYg4Fb89o6iaM4%2BG%2FvC%2Bvhc9BTpC1QI3CtqjM2xYDuN1pa9ydPqdPWC0RsiY%2Bpvd18KlkIWNXqsnjKmdc%2FOXpUQMS%2FwAc0PgxvP9PkFxx1g9GY4UzSMTsXSDbV9WUyj4lOKW0mlOMTwCAzpA9g21I8pGA7Jg67aR0Ne85kbFu0CMbfDvknO%2BQmoyvj3B4w9Qr%2Bq5EYOIKA4HcJIA3Q8lycUOdFXGF1CsmdwfpXOre%2Bol6QBZ0CkOx61f%2F%2F4vPtLzRZq5K2xTTs7iwv%2BZy4%2BcCA8BYVvQgknza%2B%2Bb3nbSBBkw5WQ6IUxzqtsVyPI7f3k6oxsakuIKSTXyzHVY9bGxuAM7J05xV3nBgZu%2BeTK8oWe9q5aoTPvaAfsymZgWuPEcT31jQSeZqVj3dLLPk4
2024-11-29,金玟庭演唱玉氏夫人传OST,16.6万,/l?e=916dkMKMo1VCR0hV3%2FgDRW%2FbUI2IsjVkokztjcAQktq81SIpc5BVTKwp7qG%2B8BHiIJTQk5eigqClPZh0Nrfe7r5JrDtbde%2FMFf3jRFWdeluOxbKjcFAegXY43DqfwJ2TGjvNhbx8Zt2Mpv%2B8dQwXDsflTaVTPKlMQedX4pMXiPr81Vt3gciDdGo7aOfM7skDB04leIt8d%2B5eAHN2RKVvkMBxMSiQOfNqwh5QoHFDR44uElhqj91fPTWTZ1nK0sqXLm7L39YKyP5E4F7f%2Bqv%2BsDGD11MoY1RzJxDPPOJivQ8Lvuh3MlFmQG%2BOzQY9DVvMmg%2FesiZRPGSFBNpG0vi3
2024-11-29,打游戏一直稳是什么体验,14.1万,/l?e=b492%2Bs5lYurCgzCYrb5Qw9SfkkI9PxP%2BQmzoVCUW4PbJVn2bjXiNJxHNna4ZLn1nobQHrkntTa9ZVNXQBVMQE7E%2FJlT5HzZfu9dj66n%2BeVrTRNt0zT92Fl3VVdhQ99WXZLlmz5lvvgq1Q8Psh3v6PD0bVfsAvuFDFhKYH16kOwegwcdaJm%2FjcvtJVN%2BPWYNPR3QOaJYIYEgHJd0tPlgkuoNylhrZMYQZEqOTiymM7FoDVCH4oi4UHH133%2FsPuhvleXiIIDBJ7jn4pogIuYAy0juK1KJvld2B71Os%2FkgGj9dKDerCrP%2B8ikfqv%2FY8MD4jaeFzBqMxBXPrSx%2BD47YJAWjBrSP4YLnP8CNp
2024-11-29,儿媳控告公婆未经允许在客厅安监控,10.0万,/l?e=6485oD2AO%2FvOd1jGdzeqg109gYVRfsQhfVN31Ew3SuUVsVTJJfBLHLnIbB%2BjPVL8%2F%2B3BNZPHMOM4EtByMQtXgcCOXXD24T7dcP1XBAMI0xtE2h2%2FnzSeoYbl6xXW8LSJ8f3TUvfQcp0CCZyKkiLGo2gMGa5AElY7GSFuhaxKoF1qYwaEVZo9ZczLmnf8Ip9F03daiMlZ8%2B9yDJrYPt6RtdHlDMk%2FQhROmmRgZrU6OGPgkDG03SoK4wBh%2B1J69RgqMOQX937Smi3trgMaQzUiuZIU6TAtwVYpl8%2Bqmw2KV1GcwMZd45R6oElprUk%2FIqBAU4A3Ez1%2FKN8OC4CoZxz0yjzG4qqTtfAOfjiXjKNsCZy9jepDSf4D2RnjsCYvOC%2FFJtwKbo3GAg%2F4zJAUeqDQgUq71yIBGjBkx37xYJaR%2Bzc6dVHgYEOG9xNpK3im4UWHc%2FB2t3ju
2024-11-29,蛇年春晚标识有什么寓意,综艺 322940,/l?e=5fdeDr2THjUfYIVcbiDeLio%2BjcRNgMlyqnP9G7BuiuPA6xdeLlamAtfNbPwU7J1GkM42S6nBdXTSOiKmvmTFN19M%2B5YPyYBsRNreEa7%2FSO6jEzpoNAE55ziy35JBwgvpqFTYxT8aABGYckH9fcEm1FZ2ETry9ikW%2F2PoRlMPeTYTCRXgvZO067%2F2p33vv6daV%2FbcS88T8%2FHyFlmKv5fmgTAgyLKP5tHac1nNizPsJ%2FqBmj1%2BPdR1rsg2sWYrFdF2%2FXRlvRHNnURAoaIfnvpPRNpa91Ffz57Rt9us22zgLXNuUGeSoNelT%2F1hptX1i2g5osCPbAKjSykRfzogpHJzZ4hMCdhITQjNQs9x
2024-11-29,贺峻霖求旅行攻略,综艺 207666,/l?e=45e8BqXgmiVsugt0DIR4ldsjmseIKPaG9IxO8lyH32HutmmiCf%2FUwRRrRmgAEnvQWJUNJ0rvixyvhlvTIBPaQC9IOAXNhhhj4MwoNtWub4gi74Rb80FBxQqJFtx2b4oBHVoVh9eBEeMNL%2FM%2FF5u6c1iuHN0bV5BPYWHKAdNzcVIyXvDNx9uvQTyt2ob893EmtuRudjqcvBhDnp5gkhRcSYr9SIsBiTYFowGPdQ3W%2BYN602a6ZECGZcyx%2BCaoBZKod%2FAIses6nNQiPn3mXPtAa%2Fl4fk5vA6WI%2Fkq%2FsJZM
2024-11-29,一降温就流感的体质怎么破,23.5万,/l?e=ae6cyreKxktf68R2Xe%2BCKJ46u2Fdi20Z0lQ1FCHqw0EDhBvjQXT2DQ0cM1IcDOfbYEvx1l0RGx9SUrKolyo8nAX86iXCibrJdmexfQagRP3Dv7M5nDkeXx%2FX%2BwZ2YDGZfrVSzwQfunfp0R%2FmcY%2FGBIxrRJr%2B5l54HEgFbt5qj7i6lS38c2mj2hF3u1mXQXK%2FQVENoh3UW6NQ5UnSs2cGjWlMv7D%2FpmCLURRmCJWjIzuuDI9L2TQZoa4%2B3EmgGSgWvOOjWuzsmTe%2F8H%2F%2F1E2ba7KnwxlSp6T97t3gYCdubq%2FD9q3mUZ%2BvlqTELnX1aouFivODKPFN7l71s0NjZ%2B99hHgrQpbEUn%2BkwBdZnak9hS3AY7ZuXEKRoWT8
2024-11-29,黑西装是杨洋的统治区,13.8万,/l?e=4ad6epPGErCVnyJW6e7nsgJ2Om2bC0w1UgyjvIJHEDfKje%2BAgy6irBd5OpkyOe7KmDssAQ4Vr%2F7YNOWn8Ue24GcclPIt%2BNQlzmHd%2BxNoAmw9rkEJWhYiPledWz1ROQomBhkUFudXQlKI75g7TUewTXx2u%2BwroQJkWoquVXkfsQiWaTI3EyaxeE7IYxAbBajmmWpuFL5qLUbrIu0fuSnEcWMqKi0h5XmAu15NeXrr5P4Y1aQvlXhTRa7p2utJ1wwd3Rqa3RcFSjuHYV1lznLIhhYGSnZY715ejYDsSMBAJSt6P7JISuUrNpIG4L5KDzqM6zncj%2FQApIp21VeN
2024-11-29,郑思维拥有7个世界冠军头衔,16.2万,/l?e=fc3bLd7mQRO64dZvdSnI2Na4vGg5PuFHQepj%2BiFNSpe%2BtX0RxqK%2FFUDUxxz20jv8Z%2BOGGk%2FTf2Pvjcpgtl63PVENiBEPrXYFBOq%2FKQXrlasNy8aa64GFF1St2SRysCnI53AbiYPgYo1XvLALgkVkVxiSd46%2Fb0KZ7Fw0C9j%2F6GTcQNUcPZPoUDY%2BeCkAVlalfftSnoSlJhyzVYO29gUS52tsx4YAi39lVqq%2FR4mPNYIuq%2BZkKQ24%2B4U06y3MfdmZwaJO9us2uNCpMrw0z6EKCTiN1GZHdyspFkujBRgVfyWTUhEgeoom%2BMryfPcG0vHeK7lkPISZMBmZiitSE48UmjaIypI6AEKp9cgWF1fQ5j6ZXO1UF69J%2FYB7Vg
2024-11-29,中俄第9次联合空中战略巡航,12.2万,/l?e=2b27M%2BXJC%2FIiD6QuirG%2BvgQsYPOgvHH4nCAalONkMXf3MsQNA8UdB7bfZbcW88ybN9a0Z%2BQsBMH31aCbLwPgJYg2IbqKRcS0z7i5XTvlji80%2FT4BN8KFrSPpDK1DpEGQrkzVB4xeV%2FVgZ9j7ZnvSksms6O%2BLnt1aRxm1eIkMnA7ExpLsRDLql540CIpSwRZWZng%2Brb21CMsTe301cg6MCoi1NU31HZEW76DIkWQVSJ4pOXSQjnZeHPbMUlKO6TWoGV7tpYSurXgtDaMHbpou5CGSgex6D8Erqpo3XJpQMV0eeHk4%2B4m%2BZ1gUPS5CTY1tXXV1LTUH1COwziffyfxGrgW1Qr6xiS%2FjAtRJyQMtNpOKBQcUhYdUP5qeYw
2024-11-29,王勉 现在是个综艺咖,综艺 111890,/l?e=083dnQYk0Hh1Piw62goxI7jy7YZ0yJYL01ukjafxBEQ9x2uoggDA%2Ff1f%2F4p2OB%2FhrbgIK%2BF7XOSc3Wb8XaONRpxmV3rM4uXBLsdit1QqroY2X%2F1RHPoBGnrngEr8fibmWo7eQGxLwi3ejlzSIHFLp2%2BqwyHArbkskMsD6diwflvZtetQm9t5GFg1ixBEkIgo40gsyFU9dAKG04YB8m3hRdBcRkGVSqmfTeNdS8Q2IELbJgDDiMJyujoVFLAScDyTUpHe6%2B1GnSbDJR1aN516R%2BuprsSW1ht5jW8%2FPPREiHwrlYu8rVWkiEVNNfMT1IoN
2024-11-29,官方公布冷藏车厢内8人窒息死亡详情,797.9万阅读 | @新闻晨报,/l?e=63b0O1DzFzID3Yi9E6ifAkVYwZOlNQCj0jjEvHiQqFMbtxGdMxlQH4VU1G82lT%2BCuUM0IowhWoxcksX2Zb6S%2BUE%2BmBHAqtTa06uGWq0ufyPhwda3wXOiAKzn5Ngz7AIXzr1miUzJbQrqYNh8HoeEPlhBlBBERj3USwl6ABv8vp1FslFwm2ULupQRKj%2BPzgpmX8hhl%2FqZ8KpeA5m2nF02qVGS9DkWKwvcvBLjRVjLRSd3NgAHdRCxrQUtOrPBeJ%2BZZzT9BQJDeZYv%2FZ8m17537zKYTDlZs2dzOm4j3QS1ThvFUj7KPZ3TxhO0iv7h9dCY8GxpSF0BbJkNCvrLVsMYNwCHqsknAOhARJsLmK09d1%2FdpmSmNfU0nlXy%2Fgqax9iZLokwaGbBSzbmcXj4GCvD2YPJ%2BI4cajZr%2F0Ng38GUAw9h%2BiQW%2FcK%2FE7H8CdW%2BJDsTh462ecsqFQ
2024-11-29,欢迎进入中女造饼时代,12.6万,/l?e=642bkQjAPIPR4GhjjYwQcLkqKG4yHcaYKHZFt0HiWOA%2Fa9ruwR6T2NCCxmSCVa9KyIKqwnZosxRQfwHrKMYSThKCb9IsPBcL03t1WaIx3U2upSRu07PS7BiEZOIs5hRWX9ZqYUyzn%2FNY9wxbgQJXzSJjW0gEcb9yVUdJrjH8ZNIoEYY%2FvRcMSCoD155Jf%2Bu956VktWoVHV1%2F%2BOaGDYqbyH9hkeNqSejP9TEinZ017My6u32948uEWQMmuoRmiSXMncmwctXAFDL8DCocW9uFcDkEC7hG0n0x7hE4OdWPMBoKSZ0Xdwl5YADooMHx5CeeUHLMCw487Dh7OdlY
2024-11-29,中国游客在马尔代夫潜水遭鲨鱼咬头,28.0万,/l?e=acbckoTq4yUTca%2Fbt%2FZzI3ePdyFoRw%2Bzwr3zUEjB3939jaCYpMvtmSHgcuP6j9UYEGUDq6P4U%2BTv8%2FSATUsRGg3bOg7wazuMcfMG7Yr5owtXx6ZMN8%2Fvb2sngJ6AmJ1IsCy9X25wyziFWnDwCoLRgbhE%2BXVkRZc5WrBwOAnSUW1nTYXmp88QF6gXxA1d0aa1vFnwUVCiH%2BxXQZrlBRmnNzU3Hjq1ziYHKqV8lUUAAlnlkFXzDb0MC6%2BgbfZl2VNpcztcn5URbWeV0NxCLQQJD5ae%2Fgr47g6fI7MvMuBnjq5aWNB5WBRt6hL%2BNEQmR%2B3i2jPR62c01PUE2Rlqjhww%2B44HPeyYg0tqZ%2B4bYFkjD3VZD8D1cjSw6ljIWRkN9x%2Fe8vyXMmDvOWGXaoEae9uDEKoFln40UkodLu5LEwFU6m857W3NhaT3IVtwkbamAZhMfYb7FZ4G
2024-11-29,侵华日军日记描述南京尸体如山,584.1万阅读 | @央视新闻,/l?e=a452MSmGiyvdO7jQbaySfl0uKaOFeZ9ZxtUdPFqhx%2B50zHZHQGPg%2FYHGIxceN2CRhz56e%2BK6pNFdOxxVY8js3TDPYdep0MCg%2FNzT0pwgJPKwk8mQJFk2G2yqaQq%2BeKR%2BYD2KjFH4jc491Lfmg5cdnR7HY4Go2QpSEaiNVjAzpwXRZJxFEGBqxEG3h1LplhwIjrEiMnxyuV4mu9h0E0QedVFhaiQmodsi913VIPR%2BO1yWx8U6M3%2BkyJu%2FGyKBWJL5vwKidqqJ6Dmha9AWyqv7BYdZ1DhN%2FlFeImfO9Ai3S1BdjsJkkQLyErjgoGDvV0zmoXdEGDBbFViF9twMoOb%2B%2Fm%2Bj40XR35gAsx0zXOlorXBKdlT7lartjtEJML31Env%2F8GlKygTGowye1v1azE2%2BCBjCZsco%2Fazm
2024-11-29,古巨基钻石败犬live首秀,演出 134988,/l?e=1922VWfJ%2FfJWvcSxPVSeVCjIZUF69gpKW0a480X6eyCFp04gM6mx5VbfQERXI0cXEQAFHSdpRlV3%2BfFI97hwiefWKza0z%2Bz4MBOjXrCEWhE4Q5I7wUotOLILN%2BQ%2BG6hhK3%2Bet20Pt0XsFA3o8WiLDbs%2B3tPE89lbN%2BYDI8nFvPlDbRouzeyNgD1rmTuOTLzozrnOASmUSUi1vMHuJupa744GbRGZmIPsVRocYgo0oqjd%2BPVSifPrEvudjucUCmsNuCGmWfXj7vm4rIkBqjxvlWvVbbNjJdYE14q8%2BfeU%2F7BbxaMSuFtckG5atOQCO%2BkX9w
2024-11-29,巴黎世家售出8天后要顾客补1147元,42.2万,/l?e=8448GjeZ0sV4W1Ru23ON6%2BK8MeXtavx7Qu1a9fQn%2BPH3ZDutdI%2B4uYSYW19l06%2BBFpVJBcArk3ewehElsVbf3q7vWi7RgpuZFcA3CPtexKmmPT2Se3CPWgv1YwSksXAwHi%2BZMjSNUDgR6UOFcXq9eBh2gBcfvl7IHuob66ZXCcU%2Bj9ThnXWasEIetT4RuC9rb6Jj3irv6Jw6%2F64zfiteweiZN53Q6bwU5iXXuzO51iq164QELvyrtQmLDgtm6xsqcNY1YgInRmAC5pXobpJjFDYa%2B3xQfl6GPGp9tiWQEEAdnjL1fcWBL8nCzmMm8gFmqMmb%2BMlNPyLjqc66rpJe9ms8a1i4SyEN89tUkQEYcFp%2FyRsowX6TPZIMobmfHEP5BpJq7GbpPQ2Zojt7HVw
2024-11-29,虞书欣丁禹兮意林少年版,剧集 137691,/l?e=19abi51%2FmmB8wfOOLld9XUeJtcfefAQEjP5wqgYHvvu1YEO5Rv4O8svoMm35744jrhcRenlBBtjY5UtCEQerEGU4Ky0WU6Ttyef1jZVmsdZPY8MVnONMUiVBrvM9iHyZwo7RGGDed%2BTT4BXBipawIm0xOo8%2B3aJco2svTwSHRCexg6wbmlcgNdw5JSeHqNmRb64%2BMDqdzu01s85snTmbpqr971%2FlVK5Rsz0oU803KdAltliJn2PiTrPKHvTvdjt1G5f4R%2BGmMbaJ0RfSU%2BDUz3wsw6akWuClDn%2Fp%2FXGh%2FJ9uxn4mlaOlhRRXA92UkvBKE%2FIY3nOEpNq1n1Y%2Fm%2BqWOzRptuZ3G3wxNEIb
2024-11-29,TES官宣Meiko离队,12.0万,/l?e=f1d0yAx8qTkD8or82N3EjK5CnihpDki53p1kon09lpH%2BLilX38K0vDZHz6F%2BBUu6lTEnOPenUC533q5F3Y1vA%2FkmKY3%2BEw4rwnGut7RO51KHzJgD%2BkNQ1fNY5z4ODyIDwoI6jnjZd0LxwkLinUk9fugJ674MkhZpf%2F3nsD0o6q9arQkqb%2BQ%2FaybacQmBYjb1M5JC%2B1rPwR8I8RndLCm3MdhaW912%2Fx2lhuk
2024-11-29,唐嫣灰紫发色,音乐 110851,/l?e=6176cFKujUEKIzGN5uEseXiJpbp1Ipd4QzlPK1uMcOxUvtsXal5CkJNnRcFy9JR%2FV7%2BqdZ7xPHD3iqCmpVOoe2WS9Y%2Bgoh6zKpVg4ASj%2BU263I2WgUPGEKc40xdSXUuhZDsUBAQf7v6DxNY8O0wsB%2BOaWx5xUOzPaGicD2jMiDS0u9C3m2FBKgZguku5wWZYfnfvMvmx3Sqt30%2FhWBzE309AeFY0l7C9C07vLkDh%2FrpUBoV9t7A4CsfHpXjEc13J
2024-11-29,韩国人的精致穷,30.6万,/l?e=90b9%2F0TSu%2FQsmQLBK7eDQSuuSYwHpSBqUNDelQJQ6WWVeerozMaTHBNf8M1ajsByyrwLr6ejPIRfEvxP7MkHCHEmzwAcy8JJMMJuJyqSh5za4n%2Br8mk28fq5e7vpxw19DP5PmZOoWtksjqxvfKEdr5LKkm%2BbF92n4SwzkrYRxdtXoJlNzGzV3T3bm7pBBjqLmDLhX%2FdHuWeWeoGnkB5MQoxAWBZcYEOShf8smlTMF4nUHy2q2HAKuMUM8mKXT2uVGovNQogxYLiPn0XDkoT3
2024-11-29,林一长沙活动取消,14.0万,/l?e=9baesnNVHTKUBoYdHBJvmbjuwunANsLWHg%2Fd63jhcM%2FlJ%2F0N%2Blf9Epi2QyrOKDwysSkWm8vggUlezoC02k1EZ1E90yMUBJi47G62DUVPVCz3CsoVzjin0g28u4YZKnErnYKw2FSiWa0KnGOdTlTuifPdQ7dHBlCaXQNcz5Co3THG9dKyjAmfOVwhbisRX5NPDC1d2xhiJDS2Qm6CM%2FvpbwJ6Qx7wn3OuCbWi1KTnRzlfdKi1%2FTNh76oeXC%2FPz4Kdw08xxGy%2FMD5fNqvs%2Fw3%2FL0mivG6BHjzf1Air9%2FfU
2024-11-29,年轻人买的水果半数是情感商品,13.2万,/l?e=a226Djd3W6vSKLQrVJl6zXwCi9XwiGy22bLb0gn12KjEaSGC1CDsWBefKI0NVVFaPrt6ZkWcrtzXUznfaiDZCwiHPbZkr9aKVFjJ3ef5Q07LoIa7fe2BUE2DlU6Xp%2FgrUWzeuxz%2B4ZXJYTGdjk1tqaGNqypAer8zsayuCKWFa7ePYntQkOSUdCWoIJ%2FrZVdUhnoDYDs505TZzv9PZzJdO0YhugGA%2BqGHciiY1jV1DYtHwhRxRcV8ObsYwNkKN9vpV7Kbh1BBtQZMh7Pk6I30RG8kEGw0cN3LdR0QaZ6ocfsC5BQa2L9ffhVt%2Bazi3fSYkgGEeXXJrA%2Bq3FdeeaSNwI%2BBnhTUnAiV%2Bbntg4Nzxd9mTUr7w7iXTUm7ZdangPxLYvWKrO6moTPGAcvhe4qEBrxTySL%2FKZOg
2024-11-29,林一霸王茶姬活动,13.0万,/l?e=79caZnIHV%2FBlda3Z0lJsQuIjRBoSwNteiRjUn1qA1fBMCtSZtTJOEbFfVvnCTc0XW0Qz94JSOnfu8vYifes4M2KjOHJok11R2eswV2NVSqDRb76Ni8J9Hz4zRGTt4HlStZTdEJuMcPCCrcZJ8lRJVcfF0xLEZEZ8JRJfcfVXKmxFPkiWExNdbP7fxzwcLp%2B63tGrfkEo4lFZsMyxc8r6%2FpMPIBS1RT%2BbjSLfHUSFJNyE7f1MWd2SaKTtc3BGRe7XKUSP62W542N4WgXE%2Bk1vJtb%2F5DTcWDEBG7ymA9JF
2024-11-29,侯明昊无处安放的手,11.7万,/l?e=1b270gRhh1DgvxPK1o6cz9JbcffvoFWnYI6X2hyfNeDD8d%2Bnjdn%2B50nnvEicFqkBk47hLBfcvcXCvB44KD8xsJftQPnU94CPEfOsUc%2FVkFuJUqp2fnx7yvIOrfni95WfsuV4fLj718NhFhkWn2hinRrFRdH5gvABFZUftxoMu%2F47WewuHBmgl%2FF8a74mWniyw2Re0TPc2VFy1r0qPyYZcYeSPN%2Bw3ckNIVsMaWWTTlXzmuYd8HB4lstK0JtPjitg8wP8vRexDyb8mOKGtlRh%2FtY3xvymqXQpzwEzutuvkR99U%2F0twQf3%2F%2BcW3vEL
2024-11-29,上海体博会真的太好逛了,12.5万,/l?e=5c44kQCW1YBXx1i4kh1iG7zk%2BvNSffpNkplr1%2BN5DInmFAS3uOBa2a%2Bd7xjWmLkzTcLb5LQU9YCfBvAoqw7xymKhvChEvX1OkN5FbMsglCjvi0pZYF3HBtCOK%2F1nexhFVfGdjFzK6mOzKzqNXFkh827I2vjIHHfPQVN9HJ2Pe%2BpN8GC38fBDRiPJICAU6zKaqhmXLhLgV2NqJ3qOeUVKRwCFPPAM4d3JFlGs5etIBANoU4QqIdtipPCduS6MPStzPWGXXtVU48sExDn6aqxXQ9%2BjkAkdBEY3%2BCnmw7wq3d%2Fplzmecet7tMKChhaKYpU7tnG7gTRjp7YOzNGHojg8hWj4kRDOeLITcWTX
2024-11-29,容祖儿心淡全场大合唱,综艺 134258,/l?e=342b4bGG7MJBy82OtWYm8Z8HNbiVdpwV2wodMBu%2FFm%2BI1rvWtJxJ9KLoqYF826LoFEjGWVYjSAQxSI6vYPaCYBd3w%2BAPvt%2B2YnkdcyWBDScKuSRhHcoVqZl1MwBNwNOpNtl0fR3CyyUjW2sfRd0QNfwRYw6BR5EAAgaqJQ523kGVTbeHcVEhHpGP6PRBkPV2iWEE9Ux8pC6SZdSctH6YYOSFPefDMxiqkScZoMpZr%2FVSBXQ%2BdOsEdaZgne5PqJPODYxeB6F0Ijv%2FYAwOHSyNVejVbEjE6ASf%2FkgU7V%2Fc8EK%2BOb5RKTqAMZyTr1nOtVyA%2B2FOAsH6%2B3PMc16g
2024-11-29,王源头像P了个新帽子,15.4万,/l?e=7c67SeMfGfI%2FTUbmo1Ue2CWCYU3NfRJC1Ev%2F9QYfU3qSNAxCnySSYR7nT9VEATGtfCCGHCAOXCUUJu4HXH%2Bp8JmsawYPqCVFbKo0PVHVoJAf4xPEFlKxLekpTKR99X4lcaCL9Z2I7uaQt66WOVzMY205tQKz0bivzevXoKga5Ys2gKZsHwLFZQs95bjKz5ri2AUGm5IBbAnH5E0lvzZWfHIwIgTm0c7mY5i%2Bqbqx%2FuPm0LSNmm%2BTw2i%2BNMfNLewiw8D%2BUsqsNaYIO69%2Bhvtmpd26ywp%2FYFNNyc0anF965xyFkfXfPeihAbF6LWpkXw
2024-11-29,再见爱人4第七期视频没了,综艺 206945,/l?e=5de1qFh%2FPUEujY5hb1yr3Yis8nAmOkTE%2Bc61wdKRJPy3bTzv2WY4%2BHM70h9CqGZXI46oBCFXbpnGkYhVVHkE8OsIxaUpJSsfOtZ3TPNhhxQqGaNDMF1Mmlg4QRfrqyKb2ysqE3BmG9pqZSXQAsl8zQ1epc3G3EsnyBghv5%2BJYp16WlFFM1crLVU4ClnSjmzKJUQaN3BveEj3uiEtl7Sts%2BW0K6izz2vsWhRbiRbCPX1N6hqWUBYsQlY0rDmmP0g%2BXS%2FAenGWrWRYz55hQUMDEwQHrW4YwcZMm0ibMwivxawsDzZjJR6Jl25B1%2FpxLi7OWl8zTtOPJcxCKieKpxDv0qHYivWj%2FTBJSRUf2Q
2024-11-29,优衣库创始人言论争议,19.0万,/l?e=56bb4VKAbQMxILvTl3mPm4whfgdm5e4hewt2lkufBBco0AjEDgBg3RTaTgY9NYLrgj6jhjUTe%2FsM4AnYI9cT2Mpv%2BevLT3XzZxPrVNj7ZJD5jH8B33EgFcREiegUl6VZu4WDTCkXiPvX62siSI0DhPOHHzTy948rwqY%2B%2FQTLZsqwXguYhxpXSlHIRsFHpAIcUVoWskyHHQuYeiB0Q75hRkmH4b%2BS%2BRF%2BD4Srtr1a%2FwNhq0aBnK5qtxP3vkuFH%2BPPRFEW%2FlSYYttAF%2BrBvToyXBcfNXRUctiO8bK5nhPMkRFtPg03uxrG9k8zoAPN%2BXDUggnlNUyddaLKgQWu
2024-11-29,丁禹兮看人深情是因为六百度近视,综艺 123081,/l?e=8515Y42LNABwgmLrHJkCFyalVZrjHT4KASnlm7Tc0N3TLx9mP8yRL7yW3HK4CRVgiNCAlRwFMvw%2FF6e8Gpjt7j5S7i2PTMHI98BD%2FyNRM8eWFrMI1G92P4RdmRKjXTnKL%2FI3lMM24%2FIOhkY4qYj1ORQOufCm%2BhY2fAtosz6Duv5zHMsch9hnllGE%2BBRh0iEcf5Lic2OifeTszwgiasiA%2F%2F2sgWVCdpUxGc8vCq0B0%2BOHjolehTMXj%2BpDR0e5%2BIev4FTw%2B0mWQ3fvQLlD3I3jR6jJbO6tHlB3tl1ftsVsTHlVK%2Fhlx2HRUxS9j0h6pyxevtBnn0Vslw3HoRdGFYFJzghMjZNvQvT6BR0CUrlwtXQrJl15Lsmldzz0hRFaK39e38Ppv99HaarRkYr7qM3DmLHYHbnoytQapQtwqxuC4eo7sGSEoz8C
2024-11-29,奥斯卡宁荣荣 新还珠格格,剧集 123615,/l?e=724eWHZO06TaX79PWk%2FED46UIYkfomBnLCG4Hj4H849IbeM6XscA%2FloPUwti9VKrOtJL%2BvFviqRw%2BjiCRrYPkovM6s4zztK35HdNbqTu1wOMQSk29eH0UisMj674RE6oVXVE7Cp%2FZbNKXB2DJ5O7RcR9HB9H3%2F8JP%2FC4hQk0owEvQcpQQIJZYcRV7EWyAl8gaSwgwqDuxkQy2yWPl9CbcKN0dsQaeVkHJ16kL8QuzGloBrvbT1TnEZZNoMmiF4z7n1VpLGmzcXbvgrsu1Pw%2BvZG%2BzOM5td8%2B0ktrKfEWXlH4DonX04PQwTKsmjYvhjyA64TCFmWB7tfTiw6045TYXut0GNffGKfpIaiw1KP%2F
2024-11-29,丁禹兮 包治百病,15.1万,/l?e=0733TTnzyZff8J3fPHnFRwRDGip1yNn%2BDt%2FoXIVT7bmtyIClSxH%2FJgBrTg5cLU6bSdBr1PZ0ERg3ltCzbu9%2BOfE%2Fobh8767iGndmwmTxD16XwdWYrKCEZjbhMlo7LAKb2Nc3gRlFnJguncW%2FmppSjSFYyHNdim02sJ%2FtJIh6beCrJhbyEanmthQHTkw6EUxvYydlaOEDpzJ5lmlPh1RqvccnmA67%2BPCiL2XfeWKiTLx%2BZWUFWTShBTEu3O%2Fo9MbWdUf3XdOOE6i4YqD8VKkIVNAl
2024-11-29,孩童被未拴绳狗咬21天主人未现身,311.1万阅读 | @百姓关注,/l?e=3f728a1VvC2VEPikk6LRfAUQb1%2BQf8ni%2B59KZcel67xvic4Rp5QlbpXtVOx%2Fskk%2BpxfVucNF%2BxOmjvtYn9W9s9V4VOZSOmN0R9U4JU6ft%2BfMn1Eer6vy0s4HozzGwdwSMGj%2Bcj3z9216sfwLgfn%2FzeLEft%2FzK1SH1mF7vbjPVmGD4QK1xWpYAyBR1XtAdt7EdUDHnfKqjL5A%2B6h3IXYz7ArYC%2B4eCNkkHRJYw1vnUXlu%2BS9f1MDfcac97AXPvGYSuZwgIExgW5G4yrwEfqAxzidtN9bc0OLoLvGSrM%2FuQfwnym%2Fg6m%2B4XLuAQ%2F%2BwmqDyy9SpMEe4Nf9%2FfI6DnjIpxrR438oLmRqDNzycPnIerI0E8S4ahPUUSQPEG7Gm3saRdYdtdCewvv2qMJWeT40a%2Fdqp1h1d9qeiD6Q
2024-11-29,MRC对战GW,13.3万,/l?e=ccc8VMRZfy0oepcV963tSSuaGw2VKxqSvob93YQdrXYDfgNJ6p78XbnW4uHPIVjBREsGU%2F1s5%2Bpa49QUlrGRJLNWbM9sTYm6rAcWs0vdbLmzGAMoBS4OUO%2B9NrT0vN4e1mrISfBMif2GMqXjj09xKWWhDc2NlTwiiTrGETyhI7eBXkm9V4X%2FyLs
2024-11-29,有毛利兰陪伴的夏天和秋天,18.0万,/l?e=7c6fOqcdNjPIFhhWpyGgK4eK5BfamkfL07ufumSnT0NbyhCTceYg5JAb9p%2FeHrH4Q8hC5LgEjR%2BBCeCNhywIygH%2FjxLLEm057Iqmos3Hu70l5vYxyZKcxz5TOCNfZIUp65eCMshJ3ium%2BE60DdsVWfVGqXuYcPvyin5iH0Gi%2FWhOIHjAIafadNeKMMU9AD1D8vVGRZxABXgXFdgBZTUjCkE4%2FWWkG2cWCoU%2BCjYi9WIg6L9GDLs7mDjMwPQPeBfca2e5DmlH%2BhHeXE5RYRVwh%2FTHraFnWz4XiHL%2FfsT3sm9iuDt2%2Bc5v03G%2Btu7%2FcSqgzDjoWrXYVTuhojYopEuCtDIaoYQ2TQnftH9kI6YZ6CdThQrF617Vvwru
2024-11-29,南宁一家长称15岁女儿孕期被砍伤,11.7万,/l?e=8f88NWxRS8yklXClfOtvz9rq1vaDD2Xn%2FsXEXvEi8tsUX5duCq9xFLS5LxgB5wLOtf1OCnAHg1qTRR%2BfFDs2pK3yLKgpigRmsBrPGQhCrWnUU6Xu67aYrrLSzA46MZypK5Zj7BC%2Fz8PO%2FIj3DvkfOTn%2BUK7%2FJSGU%2BT5keEJ%2B5TTu%2B%2FDbzARKivtd2OWomgWVvArdfVnl1DwD30fT0qNYAdI7FjT6ioMLrHMFZusvWjTTo0vUx3I7u%2BKckT%2Bxa%2Fwacs%2FEdZ8geVLIG03FZohADyTfmeMMnX1b4AWMdNFvkdOfYdM6GhAyOC8hVB%2BrTiGVX7t3%2BTJJIfYjl5oOAoLssZ%2Ba9Nqm1yRJZia0yvb5WD%2BG6fqE13cW6ubyivLYPa5b8ePDi9gBd4XjJKKxhsKkQYvgwqydV4jioPY
2024-11-29,杨子黄圣依 人设,综艺 110717,/l?e=f45fRIEbURZZn2BQphQ1ivyLynT7S7p%2FD%2FFon3CJge12nkhNz9gybgfeAcQmpx5%2FAVH52XOK4zlHVp8vRv6AKNXV%2Fb61JQzxLu4lj%2BrB%2BLmJKubNy3%2F2rrfmHxdL6%2FFfSNwdEfAw8tT1TGCKgqPryCQy2M4IfAqLcA%2BSovsRGE%2Fc2AOBRusYTgqujYHGDFTfj%2BBKcJdBmVXG5ceITZgQwCcmSzXR09HsrLGDObHlEkyK4COe5t7B5vURi9kck1Z5c%2BZdVKxDB6jYseltiBH51DUS
2024-11-29,张予曦 初生天使,剧集 127019,/l?e=a38bjZl3lU6WEcvYmQ4WLMFa8dG%2FBW2bXiNI22py76rPr6QG7%2Fmu5gWTzPznc3%2BY7cCWkzNknvc2N%2Bg2G0%2B5W2LirW2SZXfPHbrQ0%2FamWgeV9zQ46OAYRirGYgn94J%2BLx7RFKXKHy7GucC26zMQDHI9Dsi6uqwUKLxVwRHJnEClAZassV4drwt7o1RHPFQERUk4xoRr8rht1lAIlIuDTE1I0IkrNiPbgI9UdJM4FUhkFfF61IizPYL9ewIUvV9OauEdO4RPed2y1lnDTMSMfES8M
2024-11-29,3人1分钟抢劫金店价值千万财物,15.1万,/l?e=fefeMSy63liqI0pKKXOj63BuCXEcdNB7USN90kxymGJ8IepuREwzoesAivalZESwjAit8SeaEj41PzfUTrV%2Fiuo70ss%2FziYLOiBa%2B8%2BKNZnoYhV2%2BOUwf2%2FPitvLbYC1ma2Ny6wbcX7xgnKbSyOnQUWcLTZGitYy45s5yWrq5%2F7p7ou38QGKpGvoImSyHX5mS2vcEksZmre4LIn3jKcLyPvbvuMRInLd8gZl%2FYmLWQeuP3Rh9rVxcOWQxMV0m4I0SHjndBighofB5z3YSae9T0z4sNt725sM1%2Bw9kfiLKHiPSkO9zBhCaVswJxYXK1JRHUb%2Ft0CCpE4MEAWQdPNGmpMGD%2FIwgqXGpDli3CSuo0jz8FuvCtEgjlQKhHAeTs8%2FMcBzhgi7sRrXgW4
2024-11-29,派出所回应山东一金店被抢,755.0万阅读 | @大象新闻,/l?e=3ab9qNz%2BQ8PW1aba2TMeSlagAU%2FrTdkdXPf47mqPmd9bmXe%2BA6%2Bt4rggZ%2FdCsyhUZgdTA3sAHWJrketgzW3aKkvS%2F7au3VaRsWV8qfvIk%2FD8smleqJl3Y2arGbFItIjJsYiaxDFvE%2FSK2QTeHjgBpOCsKJkfs9gCxMiA2J3xzMAK32g9%2FT8sxtgBSqLwxle3k8G0MVLrAV%2FQ%2F9iIDXHPXR4W5i3SDMNhWegK48FUoQrKAOImI%2F3EVJBYTOWjbbRMCljvTjY4rCWZLmWVd8Jy1Doup75aTMKo0D2TQrvTXQCgc9zVqUVNrS193fI40uvxB4YJ%2F7d7ePbA%2BToobHS6aNkAMbRYTHZfseJFW4yLlG98nuojJthsMYjz
